Sentences ,Keywords
"I use my laptop as a software engineer to write code, debug programs, and test applications. I also use it to research new technologies and stay up-to-date on industry trends.","software engineer, coding, debugging, testing, research, technology"
"As a graphic designer, I use my laptop to create digital art, design logos, and develop marketing materials. I also use it to edit photos, create illustrations, and produce videos.","graphic designer, digital art, logo design, marketing materials, photo editing, illustration, video production"
"I use my laptop as a writer to craft stories, compose poems, and edit manuscripts. I also use it to research topics, generate ideas, and manage my writing projects.","writer, storytelling, poetry, manuscript editing, research, idea generation, project management"
"As a musician, I use my laptop to compose music, record songs, and edit audio. I also use it to learn new instruments, explore different genres, and collaborate with other musicians.","musician, music composition, song recording, audio editing, instrument learning, genre exploration, collaboration"
"I use my laptop as a gamer to play online games, explore virtual worlds, and compete with other players. I also use it to stream games, watch gaming videos, and connect with other gamers.","gamer, online gaming, virtual worlds, competition, streaming, gaming videos, community engagement"
"As a student, I use my laptop to take online classes, complete assignments, and study for exams. I also use it to research topics, collaborate with classmates, and access course materials.","student, online classes, assignments, exams, research, collaboration, course materials"
"I use my laptop as a blogger to write articles, share my thoughts, and connect with other readers. I also use it to research topics, edit my work, and promote my blog.","blogger, article writing, thought sharing, community building, research, editing, promotion"
"As a videographer, I use my laptop to edit videos, create visual effects, and produce professional-looking content. I also use it to capture footage, organize my clips, and share my work with others.","videographer, video editing, visual effects, content production, footage capture, clip organization, content sharing"
"I use my laptop as a photographer to edit photos, enhance images, and create stunning visuals. I also use it to organize my photos, manage my portfolio, and share my work with the world.","photographer, photo editing, image enhancement, visual creation, photo organization, portfolio management, work sharing"
"As a freelancer, I use my laptop to manage my projects, communicate with clients, and deliver my work. I also use it to track my time, invoice my clients, and market my services.","freelancer, project management, client communication, work delivery, time tracking, invoicing, marketing"
"I use my laptop to stay organized and productive. I use it to schedule my appointments, manage my tasks, and track my progress.","organization, productivity, scheduling, task management, progress tracking"
"I use my laptop to learn new things. I use it to take online courses, watch educational videos, and read articles.","learning, online courses, educational videos, reading"
"I use my laptop to connect with friends and family. I use it to send emails, chat online, and video call.","communication, emails, chat, video calls"
"I use my laptop to shop online, manage my finances, and pay my bills.","online shopping, finance management, bill payment"
"I use my laptop to listen to music, watch movies, and play games.","entertainment, music, movies, games"
"I use my laptop to browse the internet, check my social media, and read news articles.","internet browsing, social media, news"
"I use my laptop to travel, work remotely, and stay connected while on the go.","travel, remote work, connectivity"
"I use my laptop to create presentations, write documents, and manage spreadsheets.","presentations, document writing, spreadsheet management"
"I use my laptop to learn new languages, practice coding, and explore different hobbies.","language learning, coding, hobbies"
"I use my laptop to stay informed about current events, learn about different cultures, and expand my knowledge.",information access
"I use my laptop to create and edit digital images, manipulate photos, and design graphics.","image creation, photo manipulation, graphic design"
"As a web designer, I use my laptop to develop websites, create user interfaces, and ensure website functionality.","web design, user interface design, website development, website testing"
"I use my laptop to analyze data, generate reports, and create charts and graphs.","data analysis, report generation, data visualization"
"As a data scientist, I use my laptop to build machine learning models, extract insights from data, and develop predictive algorithms.","machine learning, data mining, predictive modeling"
"I use my laptop to manage social media accounts, schedule posts, and engage with followers.","social media management, content scheduling, community engagement"
"As a digital marketer, I use my laptop to create email campaigns, run online advertisements, and track marketing performance.","email marketing, online advertising, marketing analytics"
"I use my laptop to produce music, mix tracks, and create sound effects.","music production, audio mixing, sound design"
"As a sound engineer, I use my laptop to record audio, edit sound waves, and master the final product.","audio recording, audio editing, audio mastering"
"I use my laptop to create 3D models, design virtual environments, and animate characters.","3D modeling, virtual environment design, character animation"
"As a game developer, I use my laptop to write game code, design game levels, and create game assets.","game development, game coding, level design, game asset creation"
"I use my laptop to manage my personal finances, track my expenses, and set financial goals.","personal finance management, expense tracking, financial goal setting"
"As an entrepreneur, I use my laptop to research business ideas, develop business plans, and manage my business operations.","business idea research, business plan development, business operations management"
"I use my laptop to create and edit videos, add special effects, and produce engaging content.","video editing, special effects, video production"
"As a video editor, I use my laptop to cut and paste footage, sync audio with video, and create compelling narratives.","video cutting, audio synchronization, video storytelling"
"I use my laptop to learn new skills, take online courses, and expand my knowledge base.","skill development, online learning, personal growth"
"As a lifelong learner, I use my laptop to access educational resources, explore diverse topics, and expand my horizons.","continuous learning, knowledge acquisition, intellectual curiosity"
"I use my laptop to connect with people from all over the world, share ideas, and build relationships.","global connection, cross-cultural communication, community building"
"As a global citizen, I use my laptop to engage in online forums, participate in virtual communities, and contribute to global dialogues.","online engagement, virtual community participation, global dialogue"
"I use my laptop to create and share art, express my creativity, and inspire others.","artistic expression, creative exploration, inspiration"
"As an artist, I use my laptop to draw, paint, and create digital masterpieces.","digital art, illustration, graphic design"
"I use my laptop to learn new programming languages, develop software applications, and solve complex problems.","programming, software development, problem-solving"
"As a software developer, I use my laptop to write code, debug programs, and test software functionality.","coding, debugging, software testing"
"I use my laptop to learn about new technologies, stay up-to-date on industry trends, and explore emerging fields.","technology learning, industry trends, emerging fields"
"As a tech enthusiast, I use my laptop to tinker with gadgets, experiment with software, and explore the latest innovations.","gadget exploration, software experimentation, innovation discovery"
"I use my laptop to write articles, share my thoughts, and engage with a wider audience.","writing, content creation, thought leadership"
"I use my laptop to manage my fitness goals, track my workouts, and monitor my progress.","fitness tracker, workout planning, progress monitoring"
"As a fitness enthusiast, I use my laptop to find new workout routines, learn about different exercises, and connect with other fitness enthusiasts.","workout routines, exercise learning, fitness community"
"I use my laptop to plan my vacations, book travel arrangements, and research destinations.","travel planning, travel arrangements, destination research"
"As an avid traveler, I use my laptop to explore different cultures, learn new languages, and experience the world around me.","cultural immersion, language learning, global exploration"
"I use my laptop to play music instruments, learn new songs, and create my own music.","music practice, song learning, music composition"
"As a musician, I use my laptop to record my music, share my creations with others, and collaborate with other musicians.","music recording, music sharing, music collaboration"
"I use my laptop to write and edit my resume, apply for jobs, and network with potential employers.","resume writing, job application, professional networking"
"As a job seeker, I use my laptop to research different companies, prepare for interviews, and follow up with potential employers.","company research, interview preparation, follow-up communication"
"I use my laptop to manage my household chores, create grocery lists, and track expenses.","household management, grocery list creation, expense tracking"
"As a homemaker, I use my laptop to find recipes, plan meals, and organize my household tasks.","recipe finding, meal planning, task organization"
"I use my laptop to teach online courses, create educational materials, and connect with students.","online teaching, educational content creation, student engagement"
"As an educator, I use my laptop to grade assignments, provide feedback, and track student progress.","assignment grading, feedback provision, student progress tracking"
"I use my laptop to learn about different cultures, study different languages, and expand my worldview.","cultural learning, language study, global perspective"
"As a lifelong learner, I use my laptop to explore new topics, develop new skills, and stay curious about the world.","knowledge pursuit, skill development, intellectual curiosity"
"I use my laptop to connect with friends and family, share news and stories, and stay up-to-date on each other?s lives.","social connection, news sharing, life updates"
"As a social butterfly, I use my laptop to communicate with friends and family, join online communities, and participate in virtual gatherings.","communication hub, online community engagement, virtual social interaction"
"I use my laptop to play games, watch movies, and listen to music.","entertainment, gaming, movie watching, music streaming"
"As a leisure seeker, I use my laptop to unwind, relax, and escape the daily grind.","stress relief, relaxation, entertainment options"
"I use my laptop to shop online, compare prices, and find the best deals.","online shopping, price comparison, deal hunting"
"As a savvy shopper, I use my laptop to find the products I need, research brands, and make informed purchasing decisions.","product research, brand evaluation, informed purchasing"
"I use my laptop to learn about different investment opportunities, manage my portfolio, and track my investments.","investment learning, portfolio management, investment tracking"
"As an investor, I use my laptop to research companies, analyze financial data, and make investment decisions.","company research, financial analysis, investment decision-making"
"I use my laptop to write creative content, such as stories, poems, and scripts.","creative writing, storytelling, scriptwriting"
"As a creative writer, I use my laptop to express my imagination, develop characters, and craft compelling narratives.","imagination expression, character development, narrative storytelling"
"I use my laptop to learn about different design principles, create visual presentations, and develop graphic designs.","design learning, presentation creation, graphic design"
"As a designer, I use my laptop to communicate ideas, create visually appealing elements, and enhance user experience.","idea communication, visual appeal, user experience enhancement"
"I use my laptop to learn about different coding languages, develop web applications, and create mobile apps.","coding learning, web application development, mobile app development"
"As a developer, I use my laptop to solve problems, build software solutions, and create innovative products.","problem-solving, software"
"I use my laptop to manage my small business, track sales, and generate reports.","small business management, sales tracking, report generation"
"As a business owner, I use my laptop to connect with customers, manage inventory, and market my products or services.","customer connection, inventory management, product marketing"
"I use my laptop to learn about different marketing strategies, create marketing campaigns, and measure marketing results.","marketing learning, campaign creation, marketing analytics"
"As a marketer, I use my laptop to reach target audiences, build brand awareness, and drive conversions.","target audience reach, brand awareness, conversion optimization"
"I use my laptop to learn about different healthcare options, manage my prescriptions, and schedule appointments.","healthcare research, prescription management, appointment scheduling"
"As a health-conscious individual, I use my laptop to track my health data, monitor my fitness progress, and connect with healthcare professionals.","health data tracking, fitness progress monitoring, healthcare professional engagement"
"I use my laptop to learn about different legal topics, research legal documents, and find legal advice.","legal research, document review, legal consultation"
"As a law enthusiast, I use my laptop to stay up-to-date on legal developments, analyze legal cases, and expand my legal knowledge.","legal updates, case analysis, legal knowledge expansion"
"I use my laptop to study for exams, write research papers, and complete assignments.","exam preparation, research paper writing, assignment completion"
"As a student, I use my laptop to access course materials, collaborate with classmates, and communicate with professors.","course material access, classmate collaboration, professor communication"
"I use my laptop to learn about different environmental issues, research sustainable practices, and advocate for environmental protection.","environmental learning, sustainability research, environmental advocacy"
"As an environmental activist, I use my laptop to raise awareness about environmental problems, educate others about sustainable solutions, and promote environmental action.","environmental awareness, sustainability education, environmental action promotion"
"I use my laptop to learn about different political systems, analyze political trends, and engage in political discussions.","political learning, trend analysis, political engagement"
"As a politically active individual, I use my laptop to stay informed about current events, participate in political campaigns, and support causes I believe in.","political awareness, campaign participation, cause support"
"I use my laptop to learn about different cultures, explore diverse perspectives, and foster cross-cultural understanding.","cultural learning, perspective exploration, cross-cultural understanding"
"As a culturally curious individual, I use my laptop to connect with people from different backgrounds, engage in intercultural dialogue, and appreciate the diversity of human experience.","cultural connection, intercultural dialogue, diversity appreciation"
"I use my laptop to learn about different religions, explore spiritual beliefs, and deepen my understanding of the human experience.","religious learning, spiritual exploration, human experience understanding"
"As a spiritually inclined individual, I use my laptop to connect with like-minded individuals, engage in spiritual discussions, and seek inspiration from diverse perspectives.","spiritual connection, spiritual discussion, diverse inspiration"
"I use my laptop to learn about different historical periods, research historical events, and gain insights into the past.","historical learning, event research, historical insight"
"As a history enthusiast, I use my laptop to explore different historical narratives, analyze historical figures, and understand the impact of the past on the present.","historical narrative exploration, historical figure analysis, past-present connection"
"I use my laptop to learn about different psychological theories, research human behavior, and understand the complexities of the human mind.","psychological learning, behavior research, human mind exploration"
"As a psychology aficionado, I use my laptop to study different mental processes, analyze psychological experiments, and gain insights into human behavior patterns.","mental process study, experiment analysis, behavior pattern insight"
"I use my laptop to learn about different scientific disciplines, research scientific discoveries, and expand my understanding of the natural world.","scientific learning, discovery research, natural world comprehension"
"As a science enthusiast, I use my laptop to explore different scientific theories, analyze scientific data, and appreciate the beauty and complexity of the universe.","scientific theory exploration, data analysis, scientific appreciation"
"I use my laptop to learn about different mathematical concepts, solve complex equations, and explore the power of numbers.","mathematical learning, equation solving, numerical exploration"
"As a math whiz, I use my laptop to visualize mathematical concepts, develop problem-solving strategies,","math, mathematics, visualize, problem-solving"
"As a college student, I require a laptop for assignments and research.","college, assignments, research"
Looking for a laptop with high quality for multimedia and music.,"multimedia, music"
Interested in a laptop with long battery life and portability,"battery life, portability"
Want a laptop for movie streaming with a high-quality display.,"movie streaming, high quality, display"
Want a laptop that is suitable for a traveller.,traveller
"I rely on my laptop for web development. I code websites, troubleshoot issues, and design interfaces","web development, coding, troubleshooting, interface design"
"My laptop is essential for online teaching. I deliver lectures, create lesson plans, and assess student work","online teaching, lecture delivery, lesson planning, student assessment"
"As a consultant, my laptop is my go-to tool. I analyze data, create presentations, and communicate with clients","consulting, data analysis, presentation creation, client communication"
"I use my laptop for language learning. I practice vocabulary, take online courses, and engage in language exercises","language learning, vocabulary practice, online courses, language exercises"
"My laptop is crucial for project management. I create Gantt charts, collaborate with teams, and track project progress","project management, Gantt charts, team collaboration, progress tracking"
"I use my laptop for 3D modeling and animation. I design models, animate characters, and render scenes","3D modeling, animation, character design, scene rendering"
"My laptop is my photography hub. I edit images, organize my portfolio, and create photo albums","photography editing, portfolio organization, photo album creation"
"As a healthcare professional, my laptop is indispensable. I manage patient records, schedule appointments, and research medical information","healthcare, patient records, appointment scheduling, medical research"
"I rely on my laptop for gaming. I play video games, stream gameplay, and interact with gaming communities","gaming, video game playing, gameplay streaming, community interaction"
"My laptop is crucial for data science tasks. I analyze datasets, create machine learning models, and visualize data","data science, dataset analysis, machine learning, data visualization"
"I use my laptop for video editing and production. I edit videos, create visual effects, and produce multimedia content"," video editing, visual effects, multimedia content creation"
"My laptop is my writing sanctuary. I draft novels, edit manuscripts, and brainstorm story ideas","writing novels, manuscript editing, story brainstorming"
"As a salesperson, my laptop is vital. I create sales reports, communicate with clients, and manage leads","sales, sales reporting, client communication, lead management"
"I use my laptop for architectural design. I create blueprints, render building models, and collaborate with project teams","architectural design, blueprint creation, building rendering, team collaboration"
"My laptop is indispensable for market research. I analyze trends, conduct surveys, and prepare market reports","market research, trend analysis, surveying, market reporting"
"I rely on my laptop for video conferencing. I attend virtual meetings, conduct interviews, and collaborate with remote teams"," video conferencing, virtual meetings, interview conducting, remote collaboration"
"My laptop is essential for e-commerce management. I manage online stores, analyze sales data, and optimize product listings","e-commerce management, sales analysis, product listing optimization"
"As a musician, my laptop is crucial. I compose music, produce tracks, and edit audio recordings","music composition, track production, audio editing"
"I use my laptop for legal research. I review case studies, draft legal documents, and conduct legal analysis","legal research, case study review, legal document drafting"
"My laptop is vital for content creation. I write articles, design graphics, and create multimedia content"," content creation, article writing, graphic design"
"I rely on my laptop for HR management. I recruit talent, conduct interviews, and manage employee records","HR management, talent recruitment, interview conducting, employee record management"
"My laptop is essential for personal finance. I track expenses, create budgets, and analyze investment opportunities","personal finance, expense tracking, budgeting, investment analysis"
"As a fashion designer, my laptop is my design studio. I sketch designs, create mood boards, and plan collections","fashion design, design sketching, mood board creation, collection planning"
"I use my laptop for fitness coaching. I design workout plans, track progress, and create nutrition guides","fitness coaching, workout plan design, progress tracking, nutrition guide creation"
"My laptop is indispensable for event planning. I organize events, create schedules, and manage guest lists","event planning, schedule creation, guest list management"
"I rely on my laptop for GIS mapping. I analyze geographical data, create maps, and conduct spatial analysis","GIS mapping, geographical data analysis, map creation, spatial analysis"
"My laptop is essential for interior design. I create room layouts, design interiors, and select furnishings"," interior design, room layout creation, interior designing, furnishings selection"
"As a travel blogger, my laptop is my travel journal. I write travel articles, edit photos, and plan itineraries"," travel blogging, travel article writing, photo editing, itinerary planning"
"I use my laptop for social activism. I create awareness campaigns, organize events, and engage with communities"," social activism, awareness campaign creation, event organization, community engagement"
"My laptop is vital for environmental research. I analyze ecological data, conduct environmental surveys, and write reports","environmental research, ecological data analysis, survey conducting, report writing"
"I rely on my laptop for cybersecurity. I analyze security threats, develop encryption algorithms, and secure networks"," cybersecurity, threat analysis, encryption algorithm development, network security"
"My laptop is essential for freelance writing. I write articles, collaborate with editors, and pitch story ideas"," freelance writing, article writing, editor collaboration, story pitching"
"I use my laptop for personal blogging. I write blog posts, design layouts, and engage with my audience"," personal blogging, blog post writing, layout design, audience engagement"
"As a nutritionist, my laptop is crucial for meal planning. I create diet plans, analyze nutritional content, and research recipes","nutrition, meal planning, diet plan creation, recipe research"
"My laptop is indispensable for volunteer coordination. I organize volunteers, create schedules, and manage volunteer databases"," volunteer coordination, schedule creation, database management"
"I rely on my laptop for app development. I code apps, design interfaces, and test functionalities","app development, app coding, interface design, functionality testing"
"My laptop is essential for real estate management. I list properties, create contracts, and analyze market trends","real estate management, property listing, contract creation, market trend analysis"
"I use my laptop for remote tutoring. I teach students, create lesson plans, and conduct assessments"," remote tutoring, lesson planning, student assessment"
"As an event photographer, my laptop is my darkroom. I edit event photos, organize albums, and showcase my portfolio"," event photography editing, album organization, portfolio showcasing"
"My laptop is vital for e-learning development. I create educational content, design courses, and manage online platforms"," e-learning development, educational content creation, course design, platform management"
"I rely on my laptop for social work. I create outreach programs, manage cases, and research community needs","social work, outreach program creation, case management, community needs research"
"My laptop is essential for astronomy research. I analyze celestial data, create simulations, and write research papers","astronomy research, celestial data analysis, simulation creation, paper writing"
"I use my laptop for personal journaling. I write daily entries, organize thoughts, and reflect on experiences","personal journaling, daily entry writing, thought organization, experience reflection"
"As a fitness trainer, my laptop is crucial for client management. I create workout plans, track progress, and communicate with clients"," fitness training, workout plan creation, progress tracking, client communication"
"My laptop is indispensable for supply chain management. I analyze logistics, create supply strategies, and manage inventory","supply chain management, logistics analysis, supply strategy creation, inventory management"
"I rely on my laptop for political activism. I create campaigns, organize rallies, and research policy issues","political activism, campaign creation, rally organization, policy issue research"
I need a laptop for schoolwork and everyday tasks.,"schoolwork, everyday tasks"
I want a laptop with a comfortable keyboard for long typing sessions.,"keyboard, typing"
I'm looking for a laptop with strong security features.,security
"I'm a creative professional and need a laptop for design, editing, and creative projects.","creative, design, editing, creative projects"
"My old laptop is slow and outdated, and I need a new one that can keep up with my demands.","new, demands"
I travel frequently and need a laptop that is lightweight and easy to carry with me.,"travel, lightweight, easy to carry"
I spend a lot of time away from home and need a laptop with a long battery life.,long battery life
I need a laptop that is compatible with specific software or applications that I use for work or school.,"compatible, software, work, school"
I want a laptop that will last me for several years and won't become obsolete quickly.,
I'm a student on a tight budget and need a laptop that is affordable but still meets my needs.,
I want a laptop with a large screen for a more immersive experience when watching movies or working on creative projects.,
I need a laptop that can handle heavy multitasking and multiple applications simultaneously.,
I'm looking for a laptop with a large amount of RAM to store my extensive photo and video collections.,
I want a laptop with a comfortable and ergonomic keyboard for extended typing sessions.,
"I need a laptop with a variety of ports, including USB-C, HDMI, and Thunderbolt, to connect my peripherals.",
I'm looking for a laptop that prioritizes security and privacy with features like a fingerprint reader and encryption.,
"I'm a student, and I need a laptop that can handle all of the software that I use for my classes. My current laptop is just not up to the task.",
Great laptop that offers many great features!,
"I mainly use it for emails, internet, and managing personal files like pics, videos.",
Should be fast and have great sound quality.,
"high quality, has a killer GUI, is extremely stable, is highly expandable, is bundled with lots of very good applications, is easy to use, and is absolutely gorgeous.",
a laptop that doesn't overheat,
need a laptop that offers great features!,
Great laptop that has many great features!,
college student looking for a laptop with backlit keyboard and fast,
need the best laptop for a doctor,
"want one with great battery, speed, display.",
looking for an amazing laptop for a middle school teacher,
"I'm studying architecture, and I need a laptop with a big, beautiful screen, serious processing power, and dedicated graphics to handle all the heavy design software.",
"I really need to do multitasking, which means doing several things simultaneously on my laptop, such as uploading a file, while downloading another, and writing or running a program.",
Need a laptop for running engineering simulation software and CAD programs.,
"""Looking for a laptop with a powerful processor to handle aeronautical design tasks efficiently.""",
"""Want a lightweight and portable laptop for taking notes and working on projects during classes.""",
"""Require a laptop with a long battery life for all-day use on campus.""",
"""Prefer a laptop with a high-resolution display for detailed design work.""",
"""Need a laptop that can handle multitasking for research and coursework.""",
"""Looking for a durable laptop for use in the engineering lab and workshops.""",
"""Require a laptop with a dedicated GPU for 3D modeling and rendering.""",
"""Want a laptop with a comfortable keyboard for extensive typing during report writing.""",
"""Need a laptop with fast data transfer speeds for handling large engineering datasets.""",
"""Prefer a laptop with ample storage space for storing aeronautical design files.""",
"""Looking for a laptop with a robust build quality to withstand frequent travel.""",
"""Need a laptop with sufficient RAM for running virtual simulations.""",
"""Want a laptop with a good cooling system for extended hours of usage.""",
"""Require a laptop with multiple USB ports for connecting various devices and peripherals.""",
"""Looking for a laptop with a touchscreen for interactive design tasks.""",
"""Need a laptop with a reliable Wi-Fi connection for online research and collaboration.""",
"""Prefer a laptop with a backlit keyboard for late-night study sessions.""",
"""Require a laptop with a webcam for virtual meetings and presentations.""",
"""Want a laptop with a responsive trackpad for precise navigation.""",
"""Looking for a laptop with a stylish design and sleek aesthetics.""",
Need a laptop with excellent build quality and premium materials.,
"""Prefer a laptop with a dedicated numeric keypad for data entry.""",
"""Require a laptop with a fast-charging feature for quick top-ups between classes.""",
"""Looking for a laptop with a comprehensive warranty and customer support.""",
Need a laptop with a noise-canceling microphone for clear communication.,
Want a laptop with a high-speed SSD for faster boot times and application launches.,
"""Require a laptop with a versatile hinge for different usage modes.""",
"""Looking for a laptop with a wide range of connectivity options, including HDMI and Ethernet ports.""",
"""Need a laptop with a high-quality webcam for attending online lectures.""",
Prefer a laptop with a matte display to reduce glare in various lighting conditions.,
"""Want a laptop with a large and responsive touchpad for gesture controls.""",
"""Require a laptop with a spill-resistant keyboard for added durability.""",
"""Looking for a laptop with a compact design for easy portability.""",
"""Need a laptop with a dedicated graphics card for aeronautical simulations.""",
"""Prefer a laptop with a detachable or convertible design for flexibility.""",
"""Want a laptop with pre-installed engineering software for convenience.""",
"""Require a laptop with a comprehensive set of ports for versatile connectivity.""",
"""Looking for a laptop with a high-capacity battery for extended usage during flights.""",
"""Need a laptop with a secure fingerprint sensor for enhanced privacy.""",
Prefer a laptop with a 4K display for detailed visual analysis.,
"""Require a laptop with a durable hinge mechanism for long-term reliability.""",
"""Looking for a laptop with a customizable RGB keyboard for a personalized touch.""",
"""Want a laptop with a wide color gamut for accurate design representation.""",
"""Need a laptop with a high refresh rate display for smooth graphics rendering.""",
"""Prefer a laptop with a dedicated audio processor for immersive sound.""",
Require a laptop with an energy-efficient processor for prolonged battery life.,
Looking for a laptop with a sleek and modern design for professional appeal.,
Need a laptop with a silent cooling system for distraction-free study sessions.,
"Prefer a laptop with a robust security system, including face recognition.",
"Need a laptop for coding and programming tasks, requiring a powerful processor.",
Looking for a laptop with a large RAM capacity for running virtual machines.,
Want a laptop with a backlit keyboard for coding during late-night sessions.,
Require a laptop with a dedicated GPU for graphics programming and gaming.,
Prefer a lightweight and portable laptop for coding on the go.,
Need a laptop with a high-resolution display for detailed coding and debugging.,
Looking for a laptop with fast SSD storage for quick program compilation.,
Want a laptop with a versatile hinge for different usage modes during coding sessions.,
Require a laptop with a reliable battery for coding without interruptions.,
Prefer a laptop with Linux compatibility for software development.,
Need a laptop with a comprehensive set of ports for connecting external devices.,
Looking for a laptop with a noise-canceling microphone for clear online meetings.,
Want a laptop with a large and responsive touchpad for precise navigation.,
Require a laptop with a dedicated numeric keypad for data entry and calculations.,
Prefer a laptop with a sleek design and modern aesthetics.,
Need a laptop with a high-speed internet connection for collaborative coding projects.,
Looking for a laptop with a comfortable and ergonomic keyboard for long coding sessions.,
Want a laptop with a high-capacity battery for all-day coding without charging.,
Require a laptop with a dedicated graphics card for GPU-intensive programming tasks.,
Prefer a laptop with a high refresh rate display for smooth coding and gaming experiences.,
Need a laptop with multiple USB ports for connecting peripherals like external drives.,
Looking for a laptop with a robust build quality for durability during daily commutes.,
Want a laptop with pre-installed development tools and software for quick setup.,
Require a laptop with a secure fingerprint sensor for enhanced privacy and security.,
Prefer a laptop with a detachable or convertible design for flexibility in use.,
Need a laptop with a comprehensive warranty and customer support for peace of mind.,
Looking for a laptop with a customizable RGB keyboard for a personalized touch.,
Want a laptop with a large SSD for ample storage space for coding projects.,
Require a laptop with a high-quality webcam for virtual coding collaborations.,
Prefer a laptop with a comprehensive suite of productivity apps for multitasking.,
Need a laptop with a powerful cooling system for sustained performance during coding.,
Looking for a laptop with a durable chassis for longevity.,
Want a laptop with a matte display for reduced glare during extended coding hours.,
Require a laptop with a compact design for easy portability between classes.,
Prefer a laptop with a high-quality audio system for an immersive coding experience.,
Need a laptop with a responsive touchscreen for interactive coding tasks.,
Looking for a laptop with a modern and minimalistic design.,
Want a laptop with a fast-charging feature for quick top-ups between classes.,
Require a laptop with compatibility for external monitors for dual-screen coding.,
Prefer a laptop with a reliable Wi-Fi connection for seamless online coding collaboration.,
Need a laptop with a high refresh rate display for smooth graphics rendering.,
Looking for a laptop with a comprehensive set of developer tools and resources.,
Want a laptop with a durable and spill-resistant keyboard for added protection.,
Require a laptop with a dedicated SD card slot for easy data transfer.,
Prefer a laptop with a wide color gamut for accurate visual representation.,
Need a laptop with a comfortable and lightweight design for commuting.,
"Looking for a laptop with a robust security system, including facial recognition.",
Want a laptop with an energy-efficient processor for prolonged battery life.,
Require a laptop with a compact power adapter for convenient charging.,
Prefer a laptop with a high-resolution webcam for clear video conferences.,
"Looking for a laptop with a focus on long battery life, speed, and a vibrant display for daily use.",
"Need a laptop that excels in battery performance, speed, and display quality for enhanced productivity.",
"Searching for a laptop with extended battery life, fast processing, and a high-resolution display for work and entertainment.",
"Want a laptop with a powerful battery, speedy performance, and a crisp display for multimedia tasks.",
"Prefer a laptop with an emphasis on battery longevity, speed, and a high-quality display for a seamless user experience.",
"Seeking a laptop known for its impressive battery, quick performance, and a visually appealing display for versatile use.",
"Looking for a laptop that prioritizes battery efficiency, fast processing, and a vivid display for work and play.",
"Need a laptop with a reliable battery, quick speed, and a sharp display for professional and personal tasks.",
"Prefer a laptop with a strong battery, fast performance, and a clear display for efficient multitasking.",
"Searching for a laptop that excels in battery life, speed, and display quality for an all-around computing experience.",
"Want a laptop with an extended battery, quick processing, and a high-resolution display for content creation.",
"Looking for a laptop with a focus on battery endurance, speedy performance, and a vibrant display for daily use.",
"Prefer a laptop that prioritizes battery longevity, fast processing, and a clear display for enhanced productivity.",
"Need a laptop with a powerful battery, quick speed, and a high-quality display for multimedia and gaming.",
"Searching for a laptop known for its impressive battery life, speedy performance, and a visually appealing display for versatile use.",
"Want a laptop with a reliable battery, fast processing, and a sharp display for professional and personal tasks.",
"Prefer a laptop with a strong battery, quick speed, and a clear display for efficient multitasking.",
"Looking for a laptop that excels in battery life, speed, and display quality for an all-around computing experience.",
"Need a laptop with an extended battery, fast performance, and a high-resolution display for content creation.",
"Prefer a laptop with a focus on battery efficiency, speedy processing, and a vibrant display for work and play.",
"Searching for a laptop that prioritizes battery endurance, quick performance, and a clear display for efficient multitasking.",
"Want a laptop with an impressive battery, fast processing, and a high-quality display for multimedia tasks.",
"Looking for a laptop known for its extended battery life, speedy performance, and a visually appealing display for daily use.",
"Need a laptop with a reliable battery, quick speed, and a sharp display for professional and personal tasks.",
"Prefer a laptop with a strong battery, fast processing, and a clear display for efficient multitasking.",
"Searching for a laptop that excels in battery life, speed, and display quality for an all-around computing experience.",
"Want a laptop with an extended battery, quick processing, and a high-resolution display for content creation.",
"Looking for a laptop with a focus on battery endurance, speedy performance, and a vibrant display for work and play.",
"Need a laptop with an impressive battery, fast processing, and a visually appealing display for versatile use.",
"Prefer a laptop that prioritizes battery efficiency, quick speed, and a clear display for enhanced productivity.",
"Searching for a laptop known for its strong battery, speedy performance, and a sharp display for multimedia and gaming.",
"Want a laptop with a reliable battery, extended life, and a high-quality display for professional and personal tasks.",
"Looking for a laptop with a strong battery, quick processing, and a clear display for efficient multitasking.",
"Need a laptop that excels in battery life, speed, and display quality for an all-around computing experience.",
"Prefer a laptop with an extended battery, fast processing, and a high-resolution display for content creation.",
"Searching for a laptop that prioritizes battery endurance, quick performance, and a vibrant display for work and play.",
"Want a laptop with an impressive battery, fast processing, and a visually appealing display for versatile use.",
"Looking for a laptop with a focus on battery efficiency, speedy performance, and a clear display for enhanced productivity.",
"Need a laptop with a reliable battery, quick speed, and a sharp display for professional and personal tasks.",
"Prefer a laptop with a strong battery, fast processing, and a clear display for efficient multitasking.",
"Searching for a laptop that excels in battery life, speed, and display quality for an all-around computing experience.",
"Want a laptop with an extended battery, quick processing, and a high-resolution display for content creation.",
"Looking for a laptop that prioritizes battery endurance, speedy performance, and a vibrant display for work and play.",
"Need a laptop with an impressive battery, fast processing, and a visually appealing display for versatile use.",
"Prefer a laptop with a focus on battery efficiency, quick speed, and a clear display for enhanced productivity.",
"Searching for a laptop known for its strong battery, speedy performance, and a sharp display for multimedia and gaming.",
"Want a laptop with a reliable battery, extended life, and a high-quality display for professional and personal tasks.",
"Looking for a laptop with a strong battery, quick processing, and a clear display for efficient multitasking.",
"Need a laptop that excels in battery life, speed, and display quality for an all-around computing experience.",
"Prefer a laptop with an extended battery, fast processing, and a high-resolution display for content creation.",
Best laptop for a computer science graduate student.,
Best laptop for a graphic design professional.,
Best laptop for a business management student.,
Best laptop for a mechanical engineering undergraduate.,
Best laptop for a data science enthusiast.,
Best laptop for a creative writing major.,
Best laptop for a medical school student.,
Best laptop for a cybersecurity professional.,
Best laptop for a finance and accounting student.,
Best laptop for a journalism major.,
Best laptop for a psychology graduate student.,
Best laptop for a fine arts major.,
Best laptop for a civil engineering undergraduate.,
Best laptop for an environmental science researcher.,
Best laptop for a political science student.,
Best laptop for a fashion design enthusiast.,
Best laptop for an electrical engineering major.,
Best laptop for a marketing professional.,
Best laptop for a mathematics graduate student.,
Best laptop for a linguistics major.,
Best laptop for a history graduate student.,
Best laptop for a physics undergraduate.,
Best laptop for a sociology major.,
Best laptop for a music composition student.,
Best laptop for a pre-medical undergraduate.,
Best laptop for a computer engineering major.,
Best laptop for an architecture student.,
Best laptop for a film studies major.,
Best laptop for a biochemistry researcher.,
Best laptop for a communications major.,
Best laptop for an economics graduate student.,
Best laptop for a geology enthusiast.,
Best laptop for a public health major.,
Best laptop for a nutrition science student.,
Best laptop for a philosophy major.,
Best laptop for a materials engineering undergraduate.,
Best laptop for a supply chain management professional.,
Best laptop for a software development enthusiast.,
Best laptop for a foreign language major.,
Best laptop for an urban planning graduate student.,
Best laptop for a marine biology researcher.,
Best laptop for a cybersecurity enthusiast.,
Best laptop for an anthropology major.,
Best laptop for a graphic design student.,
Best laptop for a veterinary medicine undergraduate.,
Best laptop for a sports science major.,
Best laptop for a religious studies graduate student.,
Best laptop for a social work major.,
Best laptop for an industrial design enthusiast.,
Best laptop for an international relations undergraduate.,
Best laptop for a software engineering graduate student.,
Best laptop for a journalism major.,
Best laptop for an artificial intelligence researcher.,
Best laptop for a gender studies graduate student.,
Best laptop for a mechanical engineering undergraduate.,
Best laptop for a public administration major.,
Best laptop for a graphic communication design student.,
Best laptop for a cognitive science major.,
Best laptop for a wildlife conservation researcher.,
Best laptop for a pharmaceutical sciences undergraduate.,
Best laptop for a software engineer.,
Best laptop for a data analyst.,
Best laptop for a graphic designer.,
Best laptop for a medical doctor.,
Best laptop for a lawyer.,
Best laptop for a financial analyst.,
Best laptop for a teacher.,
Best laptop for a journalist.,
Best laptop for a photographer.,
Best laptop for a researcher in artificial intelligence.,
Best laptop for a marketing professional.,
Best laptop for a civil engineer.,
Best laptop for a psychologist.,
Best laptop for a chef.,
Best laptop for a musician.,
Best laptop for a pharmacist.,
Best laptop for a police officer.,
Best laptop for a social worker.,
Best laptop for a fashion designer.,
Best laptop for a mechanical engineer.,
Best laptop for a game developer.,
Best laptop for a cybersecurity analyst.,
Best laptop for a project manager.,
Best laptop for a fashion blogger.,
Best laptop for a high school teacher.,
Best laptop for a travel blogger.,
Best laptop for a small business owner.,
Best laptop for a video editor.,
Best laptop for a real estate agent.,
Best laptop for a fitness trainer.,
Best laptop for a biotechnology researcher.,
Best laptop for a landscape architect.,
Best laptop for a veterinarian.,
Best laptop for a government employee.,
Best laptop for a geologist.,
Best laptop for a social media manager.,
Best laptop for an environmental scientist.,
Best laptop for a flight attendant.,
Best laptop for a pharmaceutical sales representative.,
Best laptop for a nutritionist.,
Looking for a laptop with top-notch graphics for an immersive gaming experience.,
Prefer a laptop with a high refresh rate display for smooth gameplay.,
Seeking a laptop with a powerful GPU to handle the latest gaming titles.,
Want a laptop with customizable RGB lighting for a personalized gaming setup.,
Interested in a laptop with a spacious SSD for quick game load times.,
Prefer a laptop with a robust cooling system to keep temperatures low during intense gaming sessions.,
Looking for a laptop with a comfortable and customizable keyboard for gaming comfort.,
Prefer a laptop with a high-resolution display for crisp and detailed graphics.,
Seeking a laptop with a long-lasting battery to support extended gaming sessions.,
Interested in a laptop with a compact and portable design for gaming on the go.,
Want a laptop with excellent audio quality for an immersive gaming audio experience.,
Prefer a laptop with a large and responsive trackpad for precise gaming control.,
Looking for a laptop with a variety of ports for connecting gaming peripherals.,
Interested in a laptop with a durable build to withstand the rigors of travel.,
Prefer a laptop with advanced connectivity options for low-latency online gaming.,
Seeking a laptop with customizable performance settings to optimize for different games.,
Want a laptop with a sleek and stylish design to complement a gaming setup.,
Prefer a laptop with a high-capacity battery for uninterrupted gaming on the go.,
Looking for a laptop with a lightweight design for easy portability.,
Interested in a laptop with a high-quality webcam for streaming gameplay.,
"Seeking a laptop optimized for playing ""Fortnite"" at high frame rates and settings.",
"Want a laptop with a powerful GPU for smooth and lag-free ""Call of Duty: Warzone"" gaming.",
"Prefer a laptop capable of handling the demanding graphics of ""Cyberpunk 2077.""",
"Looking for a laptop suitable for competitive ""League of Legends"" gaming.",
"Interested in a laptop with a high refresh rate for a responsive ""Counter-Strike: Global Offensive"" experience.",
"Want a laptop that can handle the open-world exploration of ""The Witcher 3: Wild Hunt.""",
"Seeking a laptop with robust graphics for an immersive ""Minecraft"" gaming experience.",
"Prefer a laptop optimized for the fast-paced action of ""Apex Legends.""",
"Looking for a laptop suitable for the realistic racing simulation of ""iRacing.""",
"Interested in a laptop with excellent graphics for playing ""Red Dead Redemption 2.""",
"Want a laptop that can handle the detailed environments of ""Assassin's Creed: Valhalla.""",
"Prefer a laptop with a high-resolution display for the strategy gaming of ""Sid Meier's Civilization VI.""",
"Seeking a laptop capable of smooth and cinematic gameplay in ""Final Fantasy XV.""",
"Looking for a laptop optimized for the intense battles of ""Overwatch.""",
"Interested in a laptop that can handle the expansive worlds of ""Elder Scrolls V: Skyrim.""",
"I rely on my laptop for language translation. I translate documents, subtitle videos, and provide language interpretation "," 	language translation, document translation, video subtitling, language interpretation"
"My laptop is essential for DIY home improvement. I plan projects, research techniques, and create shopping lists","DIY home improvement, project planning, technique research, shopping list creation"
"As a marketing analyst, my laptop is my analytics hub. I analyze marketing campaigns, create reports, and track key performance indicators.","marketing analysis, campaign analysis, report creation, KPI tracking"
"I use my laptop for genealogy research. I trace family history, create family trees, and document ancestral information","genealogy research, family history tracing, family tree creation, ancestral information documentation"
"My laptop is crucial for podcasting. I record episodes, edit audio, and manage podcast distribution platforms","podcasting, episode recording, audio editing, distribution platform management"
"I rely on my laptop for virtual reality development. I create VR experiences, design virtual environments, and test VR applications.","virtual reality development, VR experience creation, virtual environment design, VR application testing"
"My laptop is essential for non-profit management. I organize fundraising events, manage donor databases, and create awareness campaigns.","non-profit management, event organization, donor database management, awareness campaign creation"
"As a language tutor, my laptop is my virtual classroom. I conduct online lessons, create language exercises, and assess student progress.","language tutoring, online lessons, language exercises, student progress assessment"
"I use my laptop for wildlife photography. I edit photos, organize my portfolio, and contribute to conservation awareness through my work"," wildlife photography editing, portfolio organization, conservation awareness"
"My laptop is vital for scientific research. I conduct experiments, analyze data, and write research papers"," scientific research, experiment conducting, data analysis, research paper writing"
"I rely on my laptop for project collaboration. I use collaboration tools, share documents, and communicate with team members","project collaboration, collaboration tools, document sharing, team communication"
"My laptop is essential for online coaching. I provide coaching sessions, create educational materials, and track client progress","online coaching, session provision, educational material creation, client progress tracking"
"I use my laptop for game development. I code game mechanics, design levels, and test game functionality","game development, game mechanics coding, level design, game functionality testing"
"As a cybersecurity consultant, my laptop is my security center. I assess vulnerabilities, develop security protocols, and conduct penetration testing","cybersecurity consulting, vulnerability assessment, security protocol development, penetration testing"
"My laptop is crucial for fashion blogging. I write fashion articles, curate style guides, and collaborate with brands.","fashion blogging, article writing, style guide curation, brand collaboration"
"""I rely on my laptop for environmental activism. I organize eco-friendly events, create educational materials, and advocate for sustainable practices","environmental activism, event organization, educational material creation, sustainable advocacy"
"My laptop is essential for project-based learning. I create interactive lessons, assess student projects, and facilitate group discussions.","project-based learning, lesson creation, project assessment, group discussion facilitation"
"I use my laptop for urban planning. I analyze city data, create development proposals, and engage with community planning initiatives.","urban planning, city data analysis, development proposal creation, community engagement"
"My laptop is vital for software testing. I run test cases, identify bugs, and ensure the quality of software applications.","software testing, test case running, bug identification, software quality assurance"
"As a mindfulness coach, my laptop is my virtual meditation studio. I create guided meditations, develop mindfulness exercises, and connect with clients.","mindfulness coaching, guided meditation creation, mindfulness exercise development, client connection"
"I rely on my laptop for architectural visualization. I create 3D renderings, design virtual walkthroughs, and present architectural concepts.","architectural visualization, 3D rendering creation, virtual walkthrough design, architectural concept presentation"
"My laptop is essential for geocaching. I plan geocaching routes, log finds, and participate in geocaching communities.","geocaching, route planning, find logging, community participation"
"I use my laptop for investment analysis. I research financial markets, analyze stocks, and track investment portfolios.","investment analysis, financial market research, stock analysis, portfolio tracking"
"My laptop is crucial for aerial photography. I edit drone footage, organize aerial photos, and showcase my work online.","aerial photography editing, drone footage organization, online portfolio showcasing"
"As a lifestyle blogger, my laptop is my creative hub. I write lifestyle articles, edit photos, and engage with my audience on social media.","lifestyle blogging, article writing, photo editing, social media engagement"
"I rely on my laptop for GIS education. I create GIS tutorials, analyze spatial data, and facilitate online GIS courses","GIS education, tutorial creation, spatial data analysis, online course facilitation"
"My laptop is essential for virtual interior design. I create virtual room designs, collaborate with clients, and recommend furnishings","virtual interior design, room design creation, client collaboration, furnishing recommendations"
"I use my laptop for astronomy outreach. I organize stargazing events, create educational materials, and engage with the public on celestial topics","astronomy outreach, event organization, educational material creation, public engagement"
"My laptop is vital for marine biology research. I analyze marine data, conduct underwater simulations, and write research articles.","marine biology research, marine data analysis, underwater simulation, research article writing"
"As a meditation app developer, my laptop is my coding haven. I develop meditation features, design user interfaces, and optimize app performance.","meditation app development, feature coding, UI design, app performance optimization"
"I rely on my laptop for historical research. I analyze historical documents, create timelines, and write articles on historical topics.","historical research, document analysis, timeline creation, historical article writing"
"My laptop is essential for astronomy photography. I capture celestial events, edit astronomical photos, and contribute to astronomy communities","astronomy photography, celestial event capturing, astronomical photo editing, community contribution"
"I use my laptop for organic farming planning. I design crop rotation schedules, research sustainable practices, and manage farm records.","organic farming planning, crop rotation scheduling, sustainable practice research, farm record management"
"My laptop is crucial for blockchain development. I code smart contracts, design decentralized applications, and contribute to blockchain projects.","blockchain development, smart contract coding, decentralized application design, blockchain project contribution"
"As a mental health advocate, my laptop is my platform for change. I create awareness campaigns, write articles, and connect with mental health communities.","mental health advocacy, awareness campaign creation, article writing, community connection"
"I rely on my laptop for vintage car restoration. I research restoration techniques, document the restoration process, and connect with fellow enthusiasts online","vintage car restoration, restoration technique research, process documentation, online enthusiast connection"
"My laptop is essential for disaster response planning. I create emergency response plans, analyze risk factors, and collaborate with disaster relief organizations","disaster response planning, emergency plan creation, risk factor analysis, relief organization collaboration"
"I use my laptop for birdwatching documentation. I log bird sightings, create birdwatching journals, and contribute to birdwatching forums","birdwatching documentation, bird sighting logging, journal creation, forum contribution"
"My laptop is vital for renewable energy research. I analyze sustainable energy sources, conduct feasibility studies, and write research papers on green technologies.","renewable energy research, sustainable energy analysis, feasibility study conducting, green technology research"
"As a nutrition blogger, my laptop is my recipe haven. I create healthy recipes, share cooking tips, and engage with my audience on nutritional topics.","nutrition blogging, healthy recipe creation, cooking tip sharing, nutritional audience engagement"
"I rely on my laptop for augmented reality development. I code AR applications, design interactive experiences, and test AR functionalities.","augmented reality development, AR application coding, interactive experience design, AR functionality testing"
"My laptop is essential for disaster recovery planning. I create IT recovery plans, analyze data backup strategies, and collaborate with IT teams for resilience.","disaster recovery planning, IT recovery plan creation, data backup strategy analysis, IT team collaboration"
"""I use my laptop for urban gardening. I plan garden layouts, research plant varieties, and document the growth of my urban garden.""","urban gardening, garden layout planning, plant variety research, urban garden growth documentation"
"My laptop is crucial for wildlife conservation. I create awareness campaigns, analyze conservation data, and contribute to global conservation initiatives.","wildlife conservation, awareness campaign creation, conservation data analysis, global initiative contribution"
"As a language model trainer, my laptop is my training ground. I fine-tune models, analyze language patterns, and contribute to NLP research.","language model training, model fine-tuning, language pattern analysis, NLP research contribution"
"I rely on my laptop for accessibility app development. I code apps for people with disabilities, design inclusive interfaces, and test app usability.","accessibility app development, coding for disabilities, inclusive interface design, app usability testing"
"My laptop is essential for oceanography research. I analyze ocean data, conduct underwater simulations, and contribute to marine science publications.","oceanography research, ocean data analysis, underwater simulation conducting, marine science publication contribution"
"""I use my laptop for gene editing simulation. I simulate genetic modifications, analyze CRISPR techniques, and contribute to genetic research.","gene editing simulation, genetic modification analysis, CRISPR technique research, genetic research contribution"
"My laptop is vital for interactive museum exhibits. I design virtual exhibits, create educational content, and contribute to the digitization of cultural artifacts","interactive museum exhibits, virtual exhibit design, educational content creation, cultural artifact digitization"
"As a fitness app developer, my laptop is my coding gym. I develop workout features, design user-friendly interfaces, and optimize app performance for fitness enthusiasts.","fitness app development, workout feature coding, user-friendly interface design, app performance optimization"
"I'm a student who needs a laptop for taking notes, doing research, and completing assignments.","note-taking, research, assignments"
"I'm a business professional who needs a laptop for sending emails, creating presentations, and video conferencing.","emails, presentations, video conferencing"
I'm a developer who needs a laptop with a powerful processor and plenty of RAM for coding and running development tools.,"coding, development tools"
"I'm a creative professional who needs a laptop with a high-resolution display and a stylus for graphic design, video editing, or music production.","graphic design, video editing, music production"
"I'm a casual user who needs a laptop for surfing the web, checking email, and watching videos.","web browsing, email, streaming"
I'm a traveler who needs a lightweight and portable laptop with a long battery life for staying connected on the go.,"lightweight, portable, long battery life"
I'm a gamer who needs a powerful laptop with a dedicated graphics card for playing the latest games.,"gaming, dedicated graphics card"
I'm a student of architecture or engineering who needs a laptop with a powerful processor and graphics card for running CAD software.,CAD software
I'm a scientist or researcher who needs a laptop with a powerful processor and plenty of RAM for running data analysis software.,"data analysis, scientific computing"
"I'm a teacher who needs a laptop for creating lesson plans, presenting materials, and grading assignments.","lesson plans, presentations, grading"
"I'm a doctor or nurse who needs a laptop for accessing patient records, writing prescriptions, and communicating with colleagues.","patient records, prescriptions, electronic health records"
"I'm a lawyer who needs a laptop for doing research, writing briefs, and preparing presentations.","legal research, brief writing, presentations"
"I'm a real estate agent who needs a laptop for scheduling appointments, managing listings, and marketing properties.","scheduling, listings, marketing"
"I'm a financial advisor who needs a laptop for tracking investments, preparing reports, and meeting with clients.","investment tracking, financial reports, client meetings"
"I'm an entrepreneur who needs a laptop for managing projects, communicating with clients, and marketing my business.","project management, client communication, marketing"
"I'm a blogger or social media influencer who needs a laptop for creating content, managing social media accounts, and analyzing traffic.","content creation, social media management, traffic analytics"
"I'm a retiree who needs a laptop for staying connected with friends and family, reading news, and watching movies.","email, social media, streaming"
"I'm a hobbyist who needs a laptop for photography, scrapbooking, or genealogy research.","photography, scrapbooking, genealogy"
I'm a student of foreign languages who needs a laptop with language learning software and tools.,"language learning, language software"
"I'm a musician who needs a laptop for recording music, creating compositions, and editing audio.","music recording, music composition, audio editing"
I'm a filmmaker who needs a laptop for video editing and special effects.,"video editing, special effects"
I'm a designer or artist who needs a laptop with a high-resolution display and a stylus for creating digital art.,"digital art, stylus, high-resolution display"
"I'm a writer who needs a laptop with a comfortable keyboard, a long battery life, and distraction-free writing software.","writing, comfortable keyboard, long battery life, distraction-free writing software"
"I'm a student of history or philosophy who needs a laptop for reading e-books, accessing online resources, and writing long papers.","e-books, online resources, long-form writing"
I'm a student of mathematics or science who needs a laptop with a powerful processor and scientific notation software.,"mathematics, science, scientific notation software"
I'm a student of art or design who needs a laptop with a high-resolution display and a color calibration tool.,"art, design, high-resolution display, color calibration"
I'm a student of business or economics who needs a laptop with financial analysis software and a spreadsheet program.,"financial analysis, spreadsheet software"
"I'm a student of computer science or programming who needs a laptop with a powerful processor, plenty of RAM, and a compiler or IDE.","computer science, programming, compiler, IDE"
I'm a student of medicine or health sciences who needs a laptop with access to medical journals and databases.,"medical journals, medical databases"
"I'm a teacher who needs a laptop for creating lesson plans, presenting materials, and grading assignments.","lesson plans, presentations, grading"
"I'm a doctor or nurse who needs a laptop for accessing patient records, writing prescriptions, and communicating with colleagues.","patient records, prescriptions, electronic health records"
"I'm a lawyer who needs a laptop for doing research, writing briefs, and preparing presentations.","legal research, brief writing, presentations"
"I'm a real estate agent who needs a laptop for scheduling appointments, managing listings, and marketing properties.","scheduling, listings, marketing"
"I'm a financial advisor who needs a laptop for tracking investments, preparing reports, and meeting with clients.","investment tracking, financial reports, client meetings"
"I'm an entrepreneur who needs a laptop for managing projects, communicating with clients, and marketing my business.","project management, client communication, marketing"
"I'm a blogger or social media influencer who needs a laptop for creating content, managing social media accounts, and analyzing traffic.","content creation, social media management, traffic analytics"
"I'm a retiree who needs a laptop for staying connected with friends and family, reading news, and watching movies.","email, social media, streaming"
"I'm a hobbyist who needs a laptop for photography, scrapbooking, or genealogy research.","photography, scrapbooking, genealogy"
I'm a student of foreign languages who needs a laptop with language learning software and tools.,"language learning, language software"
"I'm a musician who needs a laptop for recording music, creating compositions, and editing audio.","music recording, music composition, audio editing"
I'm a filmmaker who needs a laptop for video editing and special effects.,"video editing, special effects"
I'm a designer or artist who needs a laptop with a high-resolution display and a stylus for creating digital art.,"digital art, stylus, high-resolution display"
"I'm a writer who needs a laptop with a comfortable keyboard, a long battery life, and distraction-free writing software.","writing, comfortable keyboard, long battery life, distraction-free writing software"
"I'm a student of history or philosophy who needs a laptop for reading e-books, accessing online resources, and writing long papers.","e-books, online resources, long-form writing"
I'm a student of mathematics or science who needs a laptop with a powerful processor and scientific notation software.,"mathematics, science, scientific notation software"
I'm a student of art or design who needs a laptop with a high-resolution display and a color calibration tool.,"art, design, high-resolution display, color calibration"
I'm a student of business or economics who needs a laptop with financial analysis software and a spreadsheet program.,"financial analysis, spreadsheet software"
"I'm a student of computer science or programming who needs a laptop with a powerful processor, plenty of RAM, and a compiler or IDE.","computer science, programming, compiler, IDE"
I'm a student of medicine or health sciences who needs a laptop with access to medical journals and databases.,"medical journals, medical databases"
I'm a student of music theory or composition who needs a laptop with music notation software and MIDI input/output.,"music theory, music composition, music notation software, MIDI"
I'm a student of dance or choreography who needs a laptop with video editing software and motion capture tools.,"dance, choreography, video editing software, motion capture"
I'm a student of theater or film who needs a laptop with video editing software and screenwriting software.,"theater, film, video editing software, screenwriting software"
I'm a student of journalism or communications who needs a laptop with audio and video editing software and social media management tools.,"journalism, communications, audio editing, video editing, social media management"
I'm a student of psychology or sociology who needs a laptop with data analysis software and statistical software.,"psychology, sociology, data analysis software, statistical software"
I'm a student of environmental science or sustainability who needs a laptop with GIS software and data visualization tools.,"environmental science, sustainability, GIS software, data visualization"
I'm a student of education or teaching who needs a laptop with classroom management software and educational resources.,"education, teaching, classroom management software, educational resources"
I'm a student of library science or information management who needs a laptop with database management software and search engine optimization tools.,"library science, information management, database management software, search engine optimization"
