Sentences,Category
"I use my laptop as a software engineer to write code, debug programs, and test applications. I also use it to research new technologies and stay up-to-date on industry trends.",IT
"As a graphic designer, I use my laptop to create digital art, design logos, and develop marketing materials. I also use it to edit photos, create illustrations, and produce videos.",Creative
"I use my laptop as a writer to craft stories, compose poems, and edit manuscripts. I also use it to research topics, generate ideas, and manage my writing projects.",Other
"As a musician, I use my laptop to compose music, record songs, and edit audio. I also use it to learn new instruments, explore different genres, and collaborate with other musicians.",Creative
"I use my laptop as a gamer to play online games, explore virtual worlds, and compete with other players. I also use it to stream games, watch gaming videos, and connect with other gamers.",Gaming
"As a student, I use my laptop to take online classes, complete assignments, and study for exams. I also use it to research topics, collaborate with classmates, and access course materials.",Education
"I use my laptop as a blogger to write articles, share my thoughts, and connect with other readers. I also use it to research topics, edit my work, and promote my blog.",Basic
"As a videographer, I use my laptop to edit videos, create visual effects, and produce professional-looking content. I also use it to capture footage, organize my clips, and share my work with others.",Creative
"I use my laptop as a photographer to edit photos, enhance images, and create stunning visuals. I also use it to organize my photos, manage my portfolio, and share my work with the world.",Creative
"As a freelancer, I use my laptop to manage my projects, communicate with clients, and deliver my work. I also use it to track my time, invoice my clients, and market my services.",Basic
"I use my laptop to stay organized and productive. I use it to schedule my appointments, manage my tasks, and track my progress.",Basic
"I use my laptop to learn new things. I use it to take online courses, watch educational videos, and read articles.",Education
"I use my laptop to connect with friends and family. I use it to send emails, chat online, and video call.",Basic
"I use my laptop to shop online, manage my finances, and pay my bills.",Basic
"I use my laptop to listen to music, watch movies, and play games.",Basic
"I use my laptop to browse the internet, check my social media, and read news articles.",Basic
"I use my laptop to travel, work remotely, and stay connected while on the go.",Basic
"I use my laptop to create presentations, write documents, and manage spreadsheets.",Basic
"I use my laptop to learn new languages, practice coding, and explore different hobbies.",Education
"I use my laptop to stay informed about current events, learn about different cultures, and expand my knowledge.",Basic
"I use my laptop to create and edit digital images, manipulate photos, and design graphics.",Creative
"As a web designer, I use my laptop to develop websites, create user interfaces, and ensure website functionality.",IT
"I use my laptop to analyze data, generate reports, and create charts and graphs.",IT
"As a data scientist, I use my laptop to build machine learning models, extract insights from data, and develop predictive algorithms.",IT
"I use my laptop to manage social media accounts, schedule posts, and engage with followers.",Basic
"As a digital marketer, I use my laptop to create email campaigns, run online advertisements, and track marketing performance.",Creative
"I use my laptop to produce music, mix tracks, and create sound effects.",Creative
"As a sound engineer, I use my laptop to record audio, edit sound waves, and master the final product.",Creative
"I use my laptop to create 3D models, design virtual environments, and animate characters.",Creative
"As a game developer, I use my laptop to write game code, design game levels, and create game assets.",IT
"I use my laptop to manage my personal finances, track my expenses, and set financial goals.",Basic
"As an entrepreneur, I use my laptop to research business ideas, develop business plans, and manage my business operations.",Business
"I use my laptop to create and edit videos, add special effects, and produce engaging content.",Creative
"As a video editor, I use my laptop to cut and paste footage, sync audio with video, and create compelling narratives.",Creative
"I use my laptop to learn new skills, take online courses, and expand my knowledge base.",Education
"As a lifelong learner, I use my laptop to access educational resources, explore diverse topics, and expand my horizons.",Education
"I use my laptop to connect with people from all over the world, share ideas, and build relationships.",Basic
"As a global citizen, I use my laptop to engage in online forums, participate in virtual communities, and contribute to global dialogues.",Basic
"I use my laptop to create and share art, express my creativity, and inspire others.",Creative
"As an artist, I use my laptop to draw, paint, and create digital masterpieces.",Creative
"I use my laptop to learn new programming languages, develop software applications, and solve complex problems.",IT
"As a software developer, I use my laptop to write code, debug programs, and test software functionality.",IT
"I use my laptop to learn about new technologies, stay up-to-date on industry trends, and explore emerging fields.",Education
"I use my laptop to write articles, share my thoughts, and engage with a wider audience.",Basic
"I use my laptop to manage my fitness goals, track my workouts, and monitor my progress.",Basic
"As a fitness enthusiast, I use my laptop to find new workout routines, learn about different exercises, and connect with other fitness enthusiasts.",Basic
"I use my laptop to plan my vacations, book travel arrangements, and research destinations.",Basic
"As an avid traveler, I use my laptop to explore different cultures, learn new languages, and experience the world around me.",Basic
"I use my laptop to play music instruments, learn new songs, and create my own music.",Creative
"As a musician, I use my laptop to record my music, share my creations with others, and collaborate with other musicians.",Creative
"I use my laptop to write and edit my resume, apply for jobs, and network with potential employers.",Basic
"As a job seeker, I use my laptop to research different companies, prepare for interviews, and follow up with potential employers.",Basic
"I use my laptop to manage my household chores, create grocery lists, and track expenses.",Basic
"As a homemaker, I use my laptop to find recipes, plan meals, and organize my household tasks.",Basic
"I use my laptop to teach online courses, create educational materials, and connect with students.",Education
"As an educator, I use my laptop to grade assignments, provide feedback, and track student progress.",Education
"I use my laptop to learn about different cultures, study different languages, and expand my worldview.",Education
"As a lifelong learner, I use my laptop to explore new topics, develop new skills, and stay curious about the world.",Education
"I use my laptop to connect with friends and family, share news and stories, and stay up-to-date on each other’s lives.",Basic
"As a social butterfly, I use my laptop to communicate with friends and family, join online communities, and participate in virtual gatherings.",Basic
"I use my laptop to play games, watch movies, and listen to music.",Gaming
"As a leisure seeker, I use my laptop to unwind, relax, and escape the daily grind.",Basic
"I use my laptop to shop online, compare prices, and find the best deals.",Basic
"As a savvy shopper, I use my laptop to find the products I need, research brands, and make informed purchasing decisions.",Basic
"I use my laptop to learn about different investment opportunities, manage my portfolio, and track my investments.",Business
"As an investor, I use my laptop to research companies, analyze financial data, and make investment decisions.",Business
"I use my laptop to write creative content, such as stories, poems, and scripts.",Basic
"As a creative writer, I use my laptop to express my imagination, develop characters, and craft compelling narratives.",Other
"I use my laptop to learn about different design principles, create visual presentations, and develop graphic designs.",Creative
"As a designer, I use my laptop to communicate ideas, create visually appealing elements, and enhance user experience.",Creative
"I use my laptop to learn about different coding languages, develop web applications, and create mobile apps.",IT
"As a developer, I use my laptop to solve problems, build software solutions, and create innovative products.",IT
"I use my laptop to manage my small business, track sales, and generate reports.",Business
"As a business owner, I use my laptop to connect with customers, manage inventory, and market my products or services.",Business
"I use my laptop to learn about different marketing strategies, create marketing campaigns, and measure marketing results.",Business
"As a marketer, I use my laptop to reach target audiences, build brand awareness, and drive conversions.",Business
"I use my laptop to learn about different healthcare options, manage my prescriptions, and schedule appointments.",Basic
"As a health-conscious individual, I use my laptop to track my health data, monitor my fitness progress, and connect with healthcare professionals.",Basic
"I use my laptop to learn about different legal topics, research legal documents, and find legal advice.",Education
"As a law enthusiast, I use my laptop to stay up-to-date on legal developments, analyze legal cases, and expand my legal knowledge.",Education
"I use my laptop to study for exams, write research papers, and complete assignments.",Education
"As a student, I use my laptop to access course materials, collaborate with classmates, and communicate with professors.",Education
"I use my laptop to learn about different environmental issues, research sustainable practices, and advocate for environmental protection.",Education
"As an environmental activist, I use my laptop to raise awareness about environmental problems, educate others about sustainable solutions, and promote environmental action.",Other
"I use my laptop to learn about different political systems, analyze political trends, and engage in political discussions.",Education
"As a politically active individual, I use my laptop to stay informed about current events, participate in political campaigns, and support causes I believe in.",Basic
"I use my laptop to learn about different cultures, explore diverse perspectives, and foster cross-cultural understanding.",Basic
"As a culturally curious individual, I use my laptop to connect with people from different backgrounds, engage in intercultural dialogue, and appreciate the diversity of human experience.",Basic
"I use my laptop to learn about different religions, explore spiritual beliefs, and deepen my understanding of the human experience.",Basic
"As a spiritually inclined individual, I use my laptop to connect with like-minded individuals, engage in spiritual discussions, and seek inspiration from diverse perspectives.",Basic
"I use my laptop to learn about different historical periods, research historical events, and gain insights into the past.",Education
"As a history enthusiast, I use my laptop to explore different historical narratives, analyze historical figures, and understand the impact of the past on the present.",Education
"I use my laptop to learn about different psychological theories, research human behavior, and understand the complexities of the human mind.",Education
"As a psychology aficionado, I use my laptop to study different mental processes, analyze psychological experiments, and gain insights into human behavior patterns.",Education
"I use my laptop to learn about different scientific disciplines, research scientific discoveries, and expand my understanding of the natural world.",Education
"As a science enthusiast, I use my laptop to explore different scientific theories, analyze scientific data, and appreciate the beauty and complexity of the universe.",Education
"I use my laptop to learn about different mathematical concepts, solve complex equations, and explore the power of numbers.",Education
"As a math whiz, I use my laptop to visualize mathematical concepts, develop problem-solving strategies,",Education
"As a college student, I require a laptop for assignments and research.",Education
Looking for a laptop with high quality for multimedia and music.,Basic
Interested in a laptop with long battery life and portability,Basic
Want a laptop for movie streaming with a high-quality display.,Basic
Want a laptop that is suitable for a traveller.,Basic
"I rely on my laptop for web development. I code websites, troubleshoot issues, and design interfaces",IT
"My laptop is essential for online teaching. I deliver lectures, create lesson plans, and assess student work",Education
"As a consultant, my laptop is my go-to tool. I analyze data, create presentations, and communicate with clients",Business
"I use my laptop for language learning. I practice vocabulary, take online courses, and engage in language exercises",Education
"My laptop is crucial for project management. I create Gantt charts, collaborate with teams, and track project progress",Business
"I use my laptop for 3D modeling and animation. I design models, animate characters, and render scenes",Creative
"My laptop is my photography hub. I edit images, organize my portfolio, and create photo albums",Creative
"As a healthcare professional, my laptop is indispensable. I manage patient records, schedule appointments, and research medical information",Other
"I rely on my laptop for gaming. I play video games, stream gameplay, and interact with gaming communities",Gaming
"My laptop is crucial for data science tasks. I analyze datasets, create machine learning models, and visualize data",IT
"I use my laptop for video editing and production. I edit videos, create visual effects, and produce multimedia content",Creative
"My laptop is my writing sanctuary. I draft novels, edit manuscripts, and brainstorm story ideas",Basic
"As a salesperson, my laptop is vital. I create sales reports, communicate with clients, and manage leads",Business
"I use my laptop for architectural design. I create blueprints, render building models, and collaborate with project teams",Creative
"My laptop is indispensable for market research. I analyze trends, conduct surveys, and prepare market reports",Business
"I rely on my laptop for video conferencing. I attend virtual meetings, conduct interviews, and collaborate with remote teams",Business
"My laptop is essential for e-commerce management. I manage online stores, analyze sales data, and optimize product listings",Business
"As a musician, my laptop is crucial. I compose music, produce tracks, and edit audio recordings",Creative
"I use my laptop for legal research. I review case studies, draft legal documents, and conduct legal analysis",Other
"My laptop is vital for content creation. I write articles, design graphics, and create multimedia content",Creative
"I rely on my laptop for HR management. I recruit talent, conduct interviews, and manage employee records",Business
"My laptop is essential for personal finance. I track expenses, create budgets, and analyze investment opportunities",Basic
"As a fashion designer, my laptop is my design studio. I sketch designs, create mood boards, and plan collections",Creative
"I use my laptop for fitness coaching. I design workout plans, track progress, and create nutrition guides",Basic
"My laptop is indispensable for event planning. I organize events, create schedules, and manage guest lists",Basic
"My laptop is essential for interior design. I create room layouts, design interiors, and select furnishings",Creative
"As a travel blogger, my laptop is my travel journal. I write travel articles, edit photos, and plan itineraries",Basic
"I use my laptop for social activism. I create awareness campaigns, organize events, and engage with communities",Basic
"My laptop is vital for environmental research. I analyze ecological data, conduct environmental surveys, and write reports",Education
"I rely on my laptop for cybersecurity. I analyze security threats, develop encryption algorithms, and secure networks",IT
"My laptop is essential for freelance writing. I write articles, collaborate with editors, and pitch story ideas",Basic
"I use my laptop for personal blogging. I write blog posts, design layouts, and engage with my audience",Basic
"As a nutritionist, my laptop is crucial for meal planning. I create diet plans, analyze nutritional content, and research recipes",Other
"My laptop is indispensable for volunteer coordination. I organize volunteers, create schedules, and manage volunteer databases",Other
"I rely on my laptop for app development. I code apps, design interfaces, and test functionalities",IT
"My laptop is essential for real estate management. I list properties, create contracts, and analyze market trends",Business
"I use my laptop for remote tutoring. I teach students, create lesson plans, and conduct assessments",Education
"As an event photographer, my laptop is my darkroom. I edit event photos, organize albums, and showcase my portfolio",Creative
"My laptop is vital for e-learning development. I create educational content, design courses, and manage online platforms",Education
"I rely on my laptop for social work. I create outreach programs, manage cases, and research community needs",Basic
"My laptop is essential for astronomy research. I analyze celestial data, create simulations, and write research papers",Education
"I use my laptop for personal journaling. I write daily entries, organize thoughts, and reflect on experiences",Basic
"As a fitness trainer, my laptop is crucial for client management. I create workout plans, track progress, and communicate with clients",Basic
"My laptop is indispensable for supply chain management. I analyze logistics, create supply strategies, and manage inventory",Other
"I rely on my laptop for political activism. I create campaigns, organize rallies, and research policy issues",Basic
I need a laptop for schoolwork and everyday tasks.,Education
I want a laptop with a comfortable keyboard for long typing sessions.,IT
I'm looking for a laptop with strong security features.,Basic
"I'm a creative professional and need a laptop for design, editing, and creative projects.",Creative
"My old laptop is slow and outdated, and I need a new one that can keep up with my demands.",Basic
I travel frequently and need a laptop that is lightweight and easy to carry with me.,Basic
I spend a lot of time away from home and need a laptop with a long battery life.,Basic
I need a laptop that is compatible with specific software or applications that I use for work or school.,Education
I want a laptop that will last me for several years and won't become obsolete quickly.,Basic
I'm a student on a tight budget and need a laptop that is affordable but still meets my needs.,Education
I want a laptop with a large screen for a more immersive experience when watching movies or working on creative projects.,Creative
I need a laptop that can handle heavy multitasking and multiple applications simultaneously.,IT
I'm looking for a laptop with a large amount of RAM to store my extensive photo and video collections.,Creative
I want a laptop with a comfortable and ergonomic keyboard for extended typing sessions.,IT
"I need a laptop with a variety of ports, including USB-C, HDMI, and Thunderbolt, to connect my peripherals.",Basic
I'm looking for a laptop that prioritizes security and privacy with features like a fingerprint reader and encryption.,Basic
"I'm a student, and I need a laptop that can handle all of the software that I use for my classes. My current laptop is just not up to the task.",Education
Great laptop that offers many great features!,Basic
"I mainly use it for emails, internet, and managing personal files like pics, videos.",Basic
Should be fast and have great sound quality.,Basic
"high quality, has a killer GUI, is extremely stable, is highly expandable, is bundled with lots of very good applications, is easy to use, and is absolutely gorgeous.",Basic
a laptop that doesn't overheat,Gaming
need a laptop that offers great features!,Basic
Great laptop that has many great features!,Basic
college student looking for a laptop with backlit keyboard and fast,Education
need the best laptop for a doctor,Other
"want one with great battery, speed, display.",Basic
looking for an amazing laptop for a middle school teacher,Education
"I'm studying architecture, and I need a laptop with a big, beautiful screen, serious processing power, and dedicated graphics to handle all the heavy design software.",Creative
" I really need to do multitasking, which means doing several things simultaneously on my laptop, such as uploading a file, while downloading another, and writing or running a program.",IT
Need a laptop for running engineering simulation software and CAD programs.,Creative
Looking for a laptop with a powerful processor to handle aeronautical design tasks efficiently.,Creative
Want a lightweight and portable laptop for taking notes and working on projects during classes.,Education
Require a laptop with a long battery life for all-day use on campus.,Education
Prefer a laptop with a high-resolution display for detailed design work.,Creative
Need a laptop that can handle multitasking for research and coursework.,Education
Looking for a durable laptop for use in the engineering lab and workshops.,Other
Require a laptop with a dedicated GPU for 3D modeling and rendering.,Creative
Want a laptop with a comfortable keyboard for extensive typing during report writing.,Education
Need a laptop with fast data transfer speeds for handling large engineering datasets.,IT
Prefer a laptop with ample storage space for storing aeronautical design files.,Creative
Looking for a laptop with a robust build quality to withstand frequent travel.,Basic
Need a laptop with sufficient RAM for running virtual simulations.,Basic
Want a laptop with a good cooling system for extended hours of usage.,Gaming
Require a laptop with multiple USB ports for connecting various devices and peripherals.,Basic
Looking for a laptop with a touchscreen for interactive design tasks.,Creative
Need a laptop with a reliable Wi-Fi connection for online research and collaboration.,Education
Prefer a laptop with a backlit keyboard for late-night study sessions.,Education
Require a laptop with a webcam for virtual meetings and presentations.,Basic
Want a laptop with a responsive trackpad for precise navigation.,Basic
Looking for a laptop with a stylish design and sleek aesthetics.,Basic
Need a laptop with excellent build quality and premium materials.,Basic
Prefer a laptop with a dedicated numeric keypad for data entry.,Basic
Require a laptop with a fast-charging feature for quick top-ups between classes.,Education
Looking for a laptop with a comprehensive warranty and customer support.,Basic
Need a laptop with a noise-canceling microphone for clear communication.,Basic
Want a laptop with a high-speed SSD for faster boot times and application launches.,IT
"Looking for a laptop with a wide range of connectivity options, including HDMI and Ethernet ports.",Basic
Need a laptop with a high-quality webcam for attending online lectures.,Education
Prefer a laptop with a matte display to reduce glare in various lighting conditions.,Basic
Want a laptop with a large and responsive touchpad for gesture controls.,Basic
Require a laptop with a spill-resistant keyboard for added durability.,Basic
Looking for a laptop with a compact design for easy portability.,Basic
Need a laptop with a dedicated graphics card for aeronautical simulations.,Creative
Prefer a laptop with a detachable or convertible design for flexibility.,Basic
Want a laptop with pre-installed engineering software for convenience.,Other
Require a laptop with a comprehensive set of ports for versatile connectivity.,Basic
Looking for a laptop with a high-capacity battery for extended usage during flights.,Basic
Need a laptop with a secure fingerprint sensor for enhanced privacy.,Basic
Prefer a laptop with a 4K display for detailed visual analysis.,Gaming
Require a laptop with a durable hinge mechanism for long-term reliability.,Basic
Looking for a laptop with a customizable RGB keyboard for a personalized touch.,Gaming
Want a laptop with a wide color gamut for accurate design representation.,Creative
Need a laptop with a high refresh rate display for smooth graphics rendering.,Gaming
Prefer a laptop with a dedicated audio processor for immersive sound.,Creative
Require a laptop with an energy-efficient processor for prolonged battery life.,Basic
Looking for a laptop with a sleek and modern design for professional appeal.,Basic
Need a laptop with a silent cooling system for distraction-free study sessions.,Gaming
"Prefer a laptop with a robust security system, including face recognition.",Basic
"Need a laptop for coding and programming tasks, requiring a powerful processor.",IT
Looking for a laptop with a large RAM capacity for running virtual machines.,IT
Want a laptop with a backlit keyboard for coding during late-night sessions.,IT
Require a laptop with a dedicated GPU for graphics programming and gaming.,Gaming
Prefer a lightweight and portable laptop for coding on the go.,IT
Need a laptop with a high-resolution display for detailed coding and debugging.,IT
Looking for a laptop with fast SSD storage for quick program compilation.,IT
Want a laptop with a versatile hinge for different usage modes during coding sessions.,IT
Require a laptop with a reliable battery for coding without interruptions.,IT
Prefer a laptop with Linux compatibility for software development.,IT
Need a laptop with a comprehensive set of ports for connecting external devices.,Basic
Looking for a laptop with a noise-canceling microphone for clear online meetings.,Basic
Want a laptop with a large and responsive touchpad for precise navigation.,Basic
Require a laptop with a dedicated numeric keypad for data entry and calculations.,Basic
Prefer a laptop with a sleek design and modern aesthetics.,Basic
Need a laptop with a high-speed internet connection for collaborative coding projects.,IT
Looking for a laptop with a comfortable and ergonomic keyboard for long coding sessions.,IT
Want a laptop with a high-capacity battery for all-day coding without charging.,IT
Require a laptop with a dedicated graphics card for GPU-intensive programming tasks.,IT
Prefer a laptop with a high refresh rate display for smooth coding and gaming experiences.,Gaming
Need a laptop with multiple USB ports for connecting peripherals like external drives.,Basic
Looking for a laptop with a robust build quality for durability during daily commutes.,Basic
Want a laptop with pre-installed development tools and software for quick setup.,IT
Require a laptop with a secure fingerprint sensor for enhanced privacy and security.,Basic
Prefer a laptop with a detachable or convertible design for flexibility in use.,Basic
Want a laptop with a large SSD for ample storage space for coding projects.,Gaming
Require a laptop with a high-quality webcam for virtual coding collaborations.,IT
Prefer a laptop with a comprehensive suite of productivity apps for multitasking.,IT
Need a laptop with a powerful cooling system for sustained performance during coding.,Basic
Looking for a laptop with a durable chassis for longevity.,IT
Want a laptop with a matte display for reduced glare during extended coding hours.,Basic
Require a laptop with a compact design for easy portability between classes.,IT
Prefer a laptop with a high-quality audio system for an immersive coding experience.,Education
Need a laptop with a responsive touchscreen for interactive coding tasks.,IT
Looking for a laptop with a modern and minimalist design.,IT
Want a laptop with a fast-charging feature for quick top-ups between classes.,Basic
Require a laptop with compatibility for external monitors for dual-screen coding.,Education
Prefer a laptop with a reliable Wi-Fi connection for seamless online coding collaboration.,IT
Looking for a laptop with a comprehensive set of developer tools and resources.,IT
Want a laptop with a durable and spill-resistant keyboard for added protection.,Gaming
Require a laptop with a dedicated SD card slot for easy data transfer.,IT
Prefer a laptop with a wide color gamut for accurate visual representation.,Basic
Need a laptop with a comfortable and lightweight design for commuting.,Basic
"Looking for a laptop with a robust security system, including facial recognition.",Basic
Want a laptop with an energy-efficient processor for prolonged battery life.,Basic
Require a laptop with a compact power adapter for convenient charging.,Basic
Prefer a laptop with a high-resolution webcam for clear video conferences.,Basic
"Looking for a laptop with a focus on long battery life, speed, and a vibrant display for daily use.",Basic
"Need a laptop that excels in battery performance, speed, and display quality for enhanced productivity.",Basic
"Searching for a laptop with extended battery life, fast processing, and a high-resolution display for work and entertainment.",Basic
"Want a laptop with a powerful battery, speedy performance, and a crisp display for multimedia tasks.",Basic
"Prefer a laptop with an emphasis on battery longevity, speed, and a high-quality display for a seamless user experience.",Gaming
"Seeking a laptop known for its impressive battery, quick performance, and a visually appealing display for versatile use.",Gaming
"Looking for a laptop that prioritizes battery efficiency, fast processing, and a vivid display for work and play.",Gaming
"Need a laptop with a reliable battery, quick speed, and a sharp display for professional and personal tasks.",Basic
"Prefer a laptop with a strong battery, fast performance, and a clear display for efficient multitasking.",Gaming
"Searching for a laptop that excels in battery life, speed, and display quality for an all-around computing experience.",Other
"Want a laptop with an extended battery, quick processing, and a high-resolution display for content creation.",Basic
"Looking for a laptop with a focus on battery endurance, speedy performance, and a vibrant display for daily use.",Basic
"Prefer a laptop that prioritizes battery longevity, fast processing, and a clear display for enhanced productivity.",Basic
"Need a laptop with a powerful battery, quick speed, and a high-quality display for multimedia and gaming.",Basic
"Searching for a laptop known for its impressive battery life, speedy performance, and a visually appealing display for versatile use.",Basic
"Want a laptop with a reliable battery, fast processing, and a sharp display for professional and personal tasks.",Gaming
"Prefer a laptop with a strong battery, quick speed, and a clear display for efficient multitasking.",Basic
"Looking for a laptop that excels in battery life, speed, and display quality for an all-around computing experience.",Other
"Need a laptop with an extended battery, fast performance, and a high-resolution display for content creation.",Basic
"Prefer a laptop with a focus on battery efficiency, speedy processing, and a vibrant display for work and play.",Basic
"Searching for a laptop that prioritizes battery endurance, quick performance, and a clear display for efficient multitasking.",Basic
"Want a laptop with an impressive battery, fast processing, and a high-quality display for multimedia tasks.",Gaming
"Looking for a laptop known for its extended battery life, speedy performance, and a visually appealing display for daily use.",Basic
"Prefer a laptop with a strong battery, fast processing, and a clear display for efficient multitasking.",Basic
"Looking for a laptop with a focus on battery endurance, speedy performance, and a vibrant display for work and play.",Basic
"Need a laptop with an impressive battery, fast processing, and a visually appealing display for versatile use.",Other
"Prefer a laptop that prioritizes battery efficiency, quick speed, and a clear display for enhanced productivity.",Basic
"Searching for a laptop known for its strong battery, speedy performance, and a sharp display for multimedia and gaming.",Basic
"Want a laptop with a reliable battery, extended life, and a high-quality display for professional and personal tasks.",Basic
"Looking for a laptop with a strong battery, quick processing, and a clear display for efficient multitasking.",Gaming
"Need a laptop that excels in battery life, speed, and display quality for an all-around computing experience.",Basic
"Prefer a laptop with an extended battery, fast processing, and a high-resolution display for content creation.",Basic
"Searching for a laptop that prioritizes battery endurance, quick performance, and a vibrant display for work and play.",Gaming
"Want a laptop with an impressive battery, fast processing, and a visually appealing display for versatile use.",Other
"Looking for a laptop with a focus on battery efficiency, speedy performance, and a clear display for enhanced productivity.",Basic
"Want a laptop with an extended battery, fast processing, and a high-resolution display for content creation.",Basic
"Looking for a laptop that prioritizes battery endurance, speedy performance, and a vibrant display for work and play.",Basic
"Prefer a laptop with a focus on battery efficiency, quick speed, and a clear display for enhanced productivity.",Gaming
Best laptop for a computer science graduate student.,Basic
Best laptop for a graphic design professional.,Basic
Best laptop for a business management student.,Other
Best laptop for a mechanical engineering undergraduate.,Basic
Best laptop for a data science enthusiast.,Basic
Best laptop for a creative writing major.,Basic
Best laptop for a medical school student.,Gaming
Best laptop for a cybersecurity professional.,Basic
Best laptop for a finance and accounting student.,Basic
Best laptop for a journalism major.,Gaming
Best laptop for a psychology graduate student.,Other
Best laptop for a fine arts major.,IT
Best laptop for a civil engineering undergraduate.,Creative
Best laptop for an environmental science researcher.,Education
Best laptop for a political science student.,Other
Best laptop for a fashion design enthusiast.,IT
Best laptop for an electrical engineering major.,Education
Best laptop for a marketing professional.,Education
Best laptop for a mathematics graduate student.,IT
Best laptop for a linguistics major.,Business
Best laptop for a history graduate student.,Education
Best laptop for a physics undergraduate.,Education
Best laptop for a sociology major.,Education
Best laptop for a music composition student.,Other
Best laptop for a pre-medical undergraduate.,Education
Best laptop for a computer engineering major.,Education
Best laptop for an architecture student.,Creative
Best laptop for a film studies major.,Other
Best laptop for a biochemistry researcher.,Business
Best laptop for a communications major.,Education
Best laptop for an economics graduate student.,Education
Best laptop for a geology enthusiast.,Education
Best laptop for a public health major.,Education
Best laptop for a nutrition science student.,Education
Best laptop for a philosophy major.,Creative
Best laptop for a materials engineering undergraduate.,Education
Best laptop for a supply chain management professional.,IT
Best laptop for a software development enthusiast.,Creative
Best laptop for a foreign language major.,Education
Best laptop for an urban planning graduate student.,Education
Best laptop for a marine biology researcher.,Education
Best laptop for a cybersecurity enthusiast.,Business
Best laptop for an anthropology major.,Other
Best laptop for a graphic design student.,Education
Best laptop for a veterinary medicine undergraduate.,Education
Best laptop for a sports science major.,Education
Best laptop for a religious studies graduate student.,Education
Best laptop for a social work major.,Other
Best laptop for an industrial design enthusiast.,IT
Best laptop for an international relations undergraduate.,Education
Best laptop for a software engineering graduate student.,Creative
Best laptop for an artificial intelligence researcher.,Education
Best laptop for a gender studies graduate student.,IT
Best laptop for a public administration major.,Education
Best laptop for a graphic communication design student.,Creative
Best laptop for a cognitive science major.,Education
Best laptop for a wildlife conservation researcher.,Education
Best laptop for a pharmaceutical sciences undergraduate.,Education
Best laptop for a software engineer.,Education
Best laptop for a data analyst.,Other
Best laptop for a graphic designer.,Education
Best laptop for a medical doctor.,IT
Best laptop for a lawyer.,Education
Best laptop for a financial analyst.,IT
Best laptop for a teacher.,Education
Best laptop for a journalist.,Other
Best laptop for a photographer.,Education
Best laptop for a researcher in artificial intelligence.,Creative
Best laptop for a civil engineer.,Education
Best laptop for a psychologist.,Education
Best laptop for a chef.,Education
Best laptop for a musician.,IT
Best laptop for a pharmacist.,IT
Best laptop for a police officer.,Creative
Best laptop for a social worker.,Other
Best laptop for a fashion designer.,Other
Best laptop for a mechanical engineer.,Business
Best laptop for a game developer.,Education
Best laptop for a cybersecurity analyst.,Other
Best laptop for a project manager.,Creative
Best laptop for a fashion blogger.,IT
Best laptop for a high school teacher.,Business
Best laptop for a travel blogger.,Creative
Best laptop for a small business owner.,Other
Best laptop for a video editor.,Other
Best laptop for a real estate agent.,Creative
Best laptop for a fitness trainer.,Other
Best laptop for a biotechnology researcher.,Other
Best laptop for a landscape architect.,Other
Best laptop for a veterinarian.,Creative
Best laptop for a government employee.,Creative
Best laptop for a geologist.,IT
Best laptop for a social media manager.,IT
Best laptop for an environmental scientist.,Business
Best laptop for a flight attendant.,Basic
Best laptop for a pharmaceutical sales representative.,Education
Best laptop for a nutritionist.,Basic
Looking for a laptop with top-notch graphics for an immersive gaming experience.,Business
Prefer a laptop with a high refresh rate display for smooth gameplay.,Creative
Seeking a laptop with a powerful GPU to handle the latest gaming titles.,Business
Want a laptop with customizable RGB lighting for a personalized gaming setup.,Other
Interested in a laptop with a spacious SSD for quick game load times.,Education
Prefer a laptop with a robust cooling system to keep temperatures low during intense gaming sessions.,Creative
Looking for a laptop with a comfortable and customizable keyboard for gaming comfort.,Other
Prefer a laptop with a high-resolution display for crisp and detailed graphics.,Other
Seeking a laptop with a long-lasting battery to support extended gaming sessions.,Other
Interested in a laptop with a compact and portable design for gaming on the go.,Other
Want a laptop with excellent audio quality for an immersive gaming audio experience.,Other
Prefer a laptop with a large and responsive trackpad for precise gaming control.,Other
Looking for a laptop with a variety of ports for connecting gaming peripherals.,Other
Interested in a laptop with a durable build to withstand the rigors of travel.,Other
Prefer a laptop with advanced connectivity options for low-latency online gaming.,Gaming
Seeking a laptop with customizable performance settings to optimize for different games.,Gaming
Want a laptop with a sleek and stylish design to complement a gaming setup.,Gaming
Prefer a laptop with a high-capacity battery for uninterrupted gaming on the go.,Gaming
Looking for a laptop with a lightweight design for easy portability.,Gaming
Interested in a laptop with a high-quality webcam for streaming gameplay.,Gaming
Seeking a laptop optimized for playing Fortnite at high frame rates and settings.,Gaming
Want a laptop with a powerful GPU for smooth and lag-free Call of Duty: Warzone gaming.,Basic
Prefer a laptop capable of handling the demanding graphics of Cyberpunk 2077.,Gaming
Looking for a laptop suitable for competitive League of Legends gaming.,Gaming
Interested in a laptop with a high refresh rate for a responsive Counter-Strike: Global Offensive experience.,Gaming
Want a laptop that can handle the open-world exploration of The Witcher 3: Wild Hunt.,Gaming
Seeking a laptop with robust graphics for an immersive Minecraft gaming experience.,Gaming
Prefer a laptop optimized for the fast-paced action of Apex Legends.,Basic
Looking for a laptop suitable for the realistic racing simulation of iRacing.,Gaming
Interested in a laptop with excellent graphics for playing Red Dead Redemption 2.,Gaming
Want a laptop that can handle the detailed environments of Assassin's Creed: Valhalla.,Gaming
Prefer a laptop with a high-resolution display for the strategy gaming of Sid Meier's Civilization VI.,Gaming
Seeking a laptop capable of smooth and cinematic gameplay in Final Fantasy XV.,Basic
Looking for a laptop optimized for the intense battles of Overwatch.,Gaming
Interested in a laptop that can handle the expansive worlds of Elder Scrolls V: Skyrim.,Gaming
To replace a broken laptop,Gaming
To improve productivity for work or school,Gaming
For gaming or entertainment,Gaming
For portable and convenient computing,Gaming
For specific software or applications,Gaming
For web browsing and social media,Gaming
For online learning or education,Gaming
For personal travel or use,Gaming
"For creative purposes, such as design, photography, or video editing",Gaming
For coding,Gaming
For programming,Gaming
for education,Gaming
want a laptop for WFH,Gaming
want a laptop for work from home,Gaming
want a laptop for kids education,Basic
for school lab,Education
for middle school students computer lab,Gaming
looking for laptops that can be used by primary students for school IT practicals,Basic
a laptop that’s suitable to use at home,IT
I need a laptop for online learning so I can take classes from anywhere.,Basic
I need a laptop for online learning so I can research about college papers,Education
I need a laptop with good presentation software for my school projects.,Basic
I'm studying computer science and need a laptop with powerful processing for coding and programming.,Creative
I'm majoring in graphic design and need a laptop with a high-resolution display for creating digital art and editing videos.,IT
I'm trying to learn Spanish and need a laptop with access to language learning software and online resources.,IT
I'm taking the SAT next month and need a laptop for online test preparation and practice exams.,Education
I'm studying biology and need a laptop that can run educational simulations and virtual labs.,Other
I'm studying physical science and need a laptop that can run educational programs and virtual environment.,Other
I need a laptop with educational apps and productivity tools to help me organize my studies and manage my time.,Education
"I like a laptop that is easy to use, has a simple interface, and has a lot of apps.",Education
"I love a laptop that is colorful, customizable, and has a backlit keyboard.",Education
"I want a laptop that is fun, entertaining, and has a good sound system.",Education
"a laptop that is elegant, professional, and has a high-quality webcam.",Basic
"looking for a laptop that is eco-friendly, energy-efficient, and has a low carbon footprint.",Education
"need a laptop that is innovative, cutting-edge, and has the latest technology.",Education
I want a laptop that has good reviews.,Education
"a laptop that is secure, encrypted, and has a fingerprint scanner.",IT
I need a laptop for my child to access educational games and interactive learning activities.,Creative
I'm looking for a durable and child-friendly laptop for my young learner to do homework and research projects.,Education
I want a laptop that i can use for my networking studies.,Education
"I need a laptop for my teenager to complete online assignments, prepare for standardized tests, and engage in online learning platforms.",Education
I'm looking for a laptop with the latest software and compatible with educational apps for my high school student.,Education
I want a laptop with long battery life and portability for my child to carry between classes and extracurricular activities.,Education
"I need a laptop for my college courses that can handle multiple applications, word processing, and presentation software.",Basic
"I'm looking for a laptop with sufficient storage capacity for storing research papers, multimedia files, and course materials.",Gaming
I want a laptop with a comfortable keyboard and ergonomic design for extended study sessions and typing-intensive tasks.,Basic
"I need a laptop for my graduate studies that can handle rigorous research, data analysis, and specialized software requirements.",Basic
I'm looking for a laptop with powerful processing capabilities and ample RAM to support advanced computing tasks.,Basic
I want a laptop with a high-resolution display and accurate color representation for design-related projects and multimedia coursework.,Basic
"I need a laptop for my doctoral research that can manage complex datasets, run statistical analyses, and produce high-quality dissertations.",Basic
I want a laptop with long battery life and reliable performance to support uninterrupted research sessions and fieldwork.,Basic
I need a laptop to do presentations during lectures,Education
I want a laptop that can connect to interactive whiteboards for collaborative activities with students.,Education
I want a laptop with a long battery life to last throughout lectures and teaching sessions.,IT
I need a lightweight and portable laptop for easy transport between classrooms and home.,Education
"I rely on my laptop for language translation. I translate documents, subtitle videos, and provide language interpretation",Education
"My laptop is essential for DIY home improvement. I plan projects, research techniques, and create shopping lists",Basic
"As a marketing analyst, my laptop is my analytics hub. I analyze marketing campaigns, create reports, and track key performance indicators.",Education
"I use my laptop for genealogy research. I trace family history, create family trees, and document ancestral information",Education
"My laptop is crucial for podcasting. I record episodes, edit audio, and manage podcast distribution platforms",IT
"I rely on my laptop for virtual reality development. I create VR experiences, design virtual environments, and test VR applications.",IT
"My laptop is essential for nonprofit management. I organize fundraising events, manage donor databases, and create awareness campaigns.",IT
"As a language tutor, my laptop is my virtual classroom. I conduct online lessons, create language exercises, and assess student progress.",Creative
"I use my laptop for wildlife photography. I edit photos, organize my portfolio, and contribute to conservation awareness through my work",IT
"My laptop is vital for scientific research. I conduct experiments, analyze data, and write research papers",Education
"I rely on my laptop for project collaboration. I use collaboration tools, share documents, and communicate with team members",Education
"My laptop is essential for online coaching. I provide coaching sessions, create educational materials, and track client progress",Education
"I use my laptop for game development. I code game mechanics, design levels, and test game functionality",Education
"As a cybersecurity consultant, my laptop is my security center. I assess vulnerabilities, develop security protocols, and conduct penetration testing",Education
"My laptop is crucial for fashion blogging. I write fashion articles, curate style guides, and collaborate with brands.",Basic
"I rely on my laptop for environmental activism. I organize eco-friendly events, create educational materials, and advocate for sustainable practices",Basic
"My laptop is essential for project-based learning. I create interactive lessons, assess student projects, and facilitate group discussions.",Business
"I use my laptop for urban planning. I analyze city data, create development proposals, and engage with community planning initiatives.",Education
"My laptop is vital for software testing. I run test cases, identify bugs, and ensure the quality of software applications.",Creative
"As a mindfulness coach, my laptop is my virtual meditation studio. I create guided meditations, develop mindfulness exercises, and connect with clients.",IT
"I rely on my laptop for architectural visualization. I create 3D renderings, design virtual walkthroughs, and present architectural concepts.",Business
"My laptop is essential for geocaching. I plan geocaching routes, log finds, and participate in geocaching communities.",Education
"I use my laptop for investment analysis. I research financial markets, analyze stocks, and track investment portfolios.",Creative
"My laptop is crucial for aerial photography. I edit drone footage, organize aerial photos, and showcase my work online.",Education
"As a lifestyle blogger, my laptop is my creative hub. I write lifestyle articles, edit photos, and engage with my audience on social media.",Business
"I rely on my laptop for GIS education. I create GIS tutorials, analyze spatial data, and facilitate online GIS courses",Education
"My laptop is essential for virtual interior design. I create virtual room designs, collaborate with clients, and recommend furnishings",IT
"I use my laptop for astronomy outreach. I organize stargazing events, create educational materials, and engage with the public on celestial topics",IT
"My laptop is vital for marine biology research. I analyze marine data, conduct underwater simulations, and write research articles.",Basic
"As a meditation app developer, my laptop is my coding haven. I develop meditation features, design user interfaces, and optimize app performance.",Education
"I rely on my laptop for historical research. I analyze historical documents, create timelines, and write articles on historical topics.",Education
"My laptop is essential for astronomy photography. I capture celestial events, edit astronomical photos, and contribute to astronomy communities",Other
"I use my laptop for organic farming planning. I design crop rotation schedules, research sustainable practices, and manage farm records.",IT
"My laptop is crucial for blockchain development. I code smart contracts, design decentralized applications, and contribute to blockchain projects.",Other
"As a mental health advocate, my laptop is my platform for change. I create awareness campaigns, write articles, and connect with mental health communities.",Creative
"I rely on my laptop for vintage car restoration. I research restoration techniques, document the restoration process, and connect with fellow enthusiasts online",Other
"My laptop is essential for disaster response planning. I create emergency response plans, analyze risk factors, and collaborate with disaster relief organizations",Business
"I use my laptop for birdwatching documentation. I log bird sightings, create birdwatching journals, and contribute to birdwatching forums",Creative
"My laptop is vital for renewable energy research. I analyze sustainable energy sources, conduct feasibility studies, and write research papers on green technologies.",Basic
"As a nutrition blogger, my laptop is my recipe haven. I create healthy recipes, share cooking tips, and engage with my audience on nutritional topics.",Education
"I rely on my laptop for augmented reality development. I code AR applications, design interactive experiences, and test AR functionalities.",Creative
"My laptop is essential for disaster recovery planning. I create IT recovery plans, analyze data backup strategies, and collaborate with IT teams for resilience.",Education
"I use my laptop for urban gardening. I plan garden layouts, research plant varieties, and document the growth of my urban garden.",Education
"My laptop is crucial for wildlife conservation. I create awareness campaigns, analyze conservation data, and contribute to global conservation initiatives.",IT
"As a language model trainer, my laptop is my training ground. I fine-tune models, analyze language patterns, and contribute to NLP research.",Education
"I rely on my laptop for accessibility app development. I code apps for people with disabilities, design inclusive interfaces, and test app usability.",Creative
"My laptop is essential for oceanography research. I analyze ocean data, conduct underwater simulations, and contribute to marine science publications.",Other
"I use my laptop for gene editing simulation. I simulate genetic modifications, analyze CRISPR techniques, and contribute to genetic research.",IT
"My laptop is vital for interactive museum exhibits. I design virtual exhibits, create educational content, and contribute to the digitization of cultural artifacts",Other
"As a fitness app developer, my laptop is my coding gym. I develop workout features, design user-friendly interfaces, and optimize app performance for fitness enthusiasts.",Education
"I'm a student who needs a laptop for taking notes, doing research, and completing assignments.",Other
"I'm a business professional who needs a laptop for sending emails, creating presentations, and video conferencing.",Other
I'm a developer who needs a laptop with a powerful processor and plenty of RAM for coding and running development tools.,Education
"I'm a creative professional who needs a laptop with a high-resolution display and a stylus for graphic design, video editing, or music production.",Basic
"I'm a casual user who needs a laptop for surfing the web, checking email, and watching videos.",IT
I'm a traveler who needs a lightweight and portable laptop with a long battery life for staying connected on the go.,Other
I'm a gamer who needs a powerful laptop with a dedicated graphics card for playing the latest games.,Other
I'm a student of architecture or engineering who needs a laptop with a powerful processor and graphics card for running CAD software.,Other
I'm a scientist or researcher who needs a laptop with a powerful processor and plenty of RAM for running data analysis software.,IT
"I'm a teacher who needs a laptop for creating lesson plans, presenting materials, and grading assignments.",IT
"I'm a doctor or nurse who needs a laptop for accessing patient records, writing prescriptions, and communicating with colleagues.",Education
"I'm a lawyer who needs a laptop for doing research, writing briefs, and preparing presentations.",Education
"I'm a real estate agent who needs a laptop for scheduling appointments, managing listings, and marketing properties.",Creative
"I'm a financial advisor who needs a laptop for tracking investments, preparing reports, and meeting with clients.",IT
"I'm an entrepreneur who needs a laptop for managing projects, communicating with clients, and marketing my business.",Education
"I'm a blogger or social media influencer who needs a laptop for creating content, managing social media accounts, and analyzing traffic.",Business
"I'm a retiree who needs a laptop for staying connected with friends and family, reading news, and watching movies.",IT
"I'm a hobbyist who needs a laptop for photography, scrapbooking, or genealogy research.",Creative
I'm a student of foreign languages who needs a laptop with language learning software and tools.,Basic
"I'm a musician who needs a laptop for recording music, creating compositions, and editing audio.",Basic
I'm a filmmaker who needs a laptop for video editing and special effects.,Gaming
I'm a designer or artist who needs a laptop with a high-resolution display and a stylus for creating digital art.,Creative
"I'm a writer who needs a laptop with a comfortable keyboard, a long battery life, and distraction-free writing software.",IT
"I'm a student of history or philosophy who needs a laptop for reading e-books, accessing online resources, and writing long papers.",Education
I'm a student of mathematics or science who needs a laptop with a powerful processor and scientific notation software.,Other
I'm a student of art or design who needs a laptop with a high-resolution display and a color calibration tool.,Other
I'm a student of business or economics who needs a laptop with financial analysis software and a spreadsheet program.,Business
"I'm a student of computer science or programming who needs a laptop with a powerful processor, plenty of RAM, and a compiler or IDE.",Business
I'm a student of medicine or health sciences who needs a laptop with access to medical journals and databases.,Business
I'm a student of music theory or composition who needs a laptop with music notation software and MIDI input/output.,Basic
I'm a student of dance or choreography who needs a laptop with video editing software and motion capture tools.,Basic
I'm a student of theater or film who needs a laptop with video editing software and screenwriting software.,Basic
I'm a student of journalism or communications who needs a laptop with audio and video editing software and social media management tools.,Education
I'm a student of psychology or sociology who needs a laptop with data analysis software and statistical software.,Creative
I'm a student of environmental science or sustainability who needs a laptop with GIS software and data visualization tools.,Creative
I'm a student of education or teaching who needs a laptop with classroom management software and educational resources.,Creative
I'm a student of library science or information management who needs a laptop with database management software and search engine optimization tools.,Other
,Education
,Education
,Creative
,Education
,IT
,Education
,Education
,Other
,Other
,Other
,Business
,Business
,Basic
,Basic
,Other
,Education
,Creative
,Creative
,Creative
,Other
,Education
,Education
,Education
,Education
,Education
,Education
,Education
,Education
,Education
,Education
,Education
,Education
,Education
,Education